taxon,latitude,longitude,country,source,occurrence_id,country_code,status
Pseudoponera_stigma,8.70972,-83.87361,Costa Rica,GABI,AOTW_Ponerinae_Occ_1,CRI,valid
Pseudoponera_stigma,8.6791,-83.56671,Costa Rica,GABI,AOTW_Ponerinae_Occ_2,CRI,valid
Pseudoponera_stigma,8.6791,-83.56671,Costa Rica,GABI,AOTW_Ponerinae_Occ_3,CRI,valid
Pseudoponera_stigma,8.6791,-83.56671,Costa Rica,GABI,AOTW_Ponerinae_Occ_4,CRI,valid
Pseudoponera_stigma,8.6791,-83.56671,Costa Rica,GABI,AOTW_Ponerinae_Occ_5,CRI,valid
Pseudoponera_stigma,8.6791,-83.56671,Costa Rica,GABI,AOTW_Ponerinae_Occ_6,CRI,valid
Pseudoponera_stigma,8.6791,-83.56671,Costa Rica,GABI,AOTW_Ponerinae_Occ_7,CRI,valid
Pseudoponera_stigma,8.6791,-83.56671,Costa Rica,GABI,AOTW_Ponerinae_Occ_8,CRI,valid
Pseudoponera_stigma,8.6791,-83.56671,Costa Rica,GABI,AOTW_Ponerinae_Occ_9,CRI,valid
Pseudoponera_stigma,10.59427,-83.71651,Costa Rica,GABI,AOTW_Ponerinae_Occ_10,CRI,valid
Pseudoponera_succedanea,10.35,-84.05,Costa Rica,GABI,AOTW_Ponerinae_Occ_11,CRI,valid
Pseudoponera_succedanea,10.35,-84.05,Costa Rica,GABI,AOTW_Ponerinae_Occ_12,CRI,valid
Pseudoponera_succedanea,10.35,-84.05,Costa Rica,GABI,AOTW_Ponerinae_Occ_13,CRI,valid
Pseudoponera_succedanea,10.33333,-84.06667,Costa Rica,GABI,AOTW_Ponerinae_Occ_14,CRI,valid
Pseudoponera_succedanea,10.33333,-84.06667,Costa Rica,GABI,AOTW_Ponerinae_Occ_15,CRI,valid
Pseudoponera_succedanea,8.89147,-82.79294,Costa Rica,GABI,AOTW_Ponerinae_Occ_16,CRI,valid
Pseudoponera_succedanea,10.99261,-85.42948,Costa Rica,GABI,AOTW_Ponerinae_Occ_17,CRI,valid
Pseudoponera_succedanea,10.99261,-85.42948,Costa Rica,GABI,AOTW_Ponerinae_Occ_18,CRI,valid
Pseudoponera_succedanea,8.6791,-83.56671,Costa Rica,GABI,AOTW_Ponerinae_Occ_19,CRI,valid
Pseudoponera_succedanea,8.6791,-83.56671,Costa Rica,GABI,AOTW_Ponerinae_Occ_20,CRI,valid
Pseudoponera_succedanea,8.6791,-83.56671,Costa Rica,GABI,AOTW_Ponerinae_Occ_21,CRI,valid
Pseudoponera_succedanea,8.6791,-83.56671,Costa Rica,GABI,AOTW_Ponerinae_Occ_22,CRI,valid
Pseudoponera_succedanea,8.6791,-83.56671,Costa Rica,GABI,AOTW_Ponerinae_Occ_23,CRI,valid
Pseudoponera_succedanea,8.6791,-83.56671,Costa Rica,GABI,AOTW_Ponerinae_Occ_24,CRI,valid
Pseudoponera_succedanea,8.6791,-83.56671,Costa Rica,GABI,AOTW_Ponerinae_Occ_25,CRI,valid
Ponera_pennsylvanica,42.26167,-83.06917,Canada,GABI,AOTW_Ponerinae_Occ_26,CAN,valid
Ponera_pennsylvanica,45.87021,-82.54186,Canada,GABI,AOTW_Ponerinae_Occ_27,CAN,valid
Ponera_pennsylvanica,45.87021,-82.54186,Canada,GABI,AOTW_Ponerinae_Occ_28,CAN,valid
Ponera_pennsylvanica,45.87021,-82.54186,Canada,GABI,AOTW_Ponerinae_Occ_29,CAN,valid
Ponera_pennsylvanica,45.87021,-82.54186,Canada,GABI,AOTW_Ponerinae_Occ_30,CAN,valid
Ponera_pennsylvanica,42.23583,-83.08,Canada,GABI,AOTW_Ponerinae_Occ_31,CAN,valid
Ponera_pennsylvanica,42.26278,-83.07139,Canada,GABI,AOTW_Ponerinae_Occ_32,CAN,valid
Ponera_pennsylvanica,44.17639,-78.07361,Canada,GABI,AOTW_Ponerinae_Occ_33,CAN,valid
Ponera_pennsylvanica,42.6725,-80.49056,Canada,GABI,AOTW_Ponerinae_Occ_34,CAN,valid
Ponera_pennsylvanica,42.7077,-80.34139,Canada,GABI,AOTW_Ponerinae_Occ_35,CAN,valid
Ponera_pennsylvanica,44.12889,-77.98333,Canada,GABI,AOTW_Ponerinae_Occ_36,CAN,valid
Simopelta_oculata,10.23617,-84.11767,Costa Rica,GABI,AOTW_Ponerinae_Occ_37,CRI,valid
Simopelta_oculata,10.23617,-84.11767,Costa Rica,GABI,AOTW_Ponerinae_Occ_38,CRI,valid
Simopelta_oculata,10.33333,-84.06667,Costa Rica,GABI,AOTW_Ponerinae_Occ_39,CRI,valid
Simopelta_pergandei,10.35,-84.05,Costa Rica,GABI,AOTW_Ponerinae_Occ_40,CRI,valid
Simopelta_pergandei,10.33333,-84.06667,Costa Rica,GABI,AOTW_Ponerinae_Occ_41,CRI,valid
Simopelta_pergandei,10.33333,-84.06667,Costa Rica,GABI,AOTW_Ponerinae_Occ_42,CRI,valid
Leptogenys_elongata,31.00586,-99.58008,United States of America,GABI,AOTW_Ponerinae_Occ_43,USA,valid
Ponera_pennsylvanica,42.26147222,-70.87138889,United States of America,GABI,AOTW_Ponerinae_Occ_44,USA,valid
Odontomachus_clarus,30.15463,-99.36035,United States of America,GABI,AOTW_Ponerinae_Occ_45,USA,valid
Leptogenys_elongata,30.47235,-100.81055,United States of America,GABI,AOTW_Ponerinae_Occ_46,USA,valid
Leptogenys_elongata,29.72384,-99.06921,United States of America,GABI,AOTW_Ponerinae_Occ_47,USA,valid
Leptogenys_elongata,29.598119,-99.73999,United States of America,GABI,AOTW_Ponerinae_Occ_48,USA,valid
Ponera_pennsylvanica,42.26466667,-70.87338889,United States of America,GABI,AOTW_Ponerinae_Occ_49,USA,valid
Cryptopone_gilva,30.433332,-84.3,United States of America,GABI,AOTW_Ponerinae_Occ_50,USA,valid
Odontomachus_clarus,29.43242,-104.02405,United States of America,GABI,AOTW_Ponerinae_Occ_51,USA,valid
Odontomachus_clarus,28.74358,-100.34637,United States of America,GABI,AOTW_Ponerinae_Occ_52,USA,valid
Odontomachus_clarus,31.88333,-109.20667,United States of America,GABI,AOTW_Ponerinae_Occ_53,USA,valid
Thaumatomyrmex_atrox,8.6791,-83.56671,Costa Rica,GABI,AOTW_Ponerinae_Occ_54,CRI,valid
Thaumatomyrmex_ferox,10.99261,-85.42948,Costa Rica,GABI,AOTW_Ponerinae_Occ_55,CRI,valid
Thaumatomyrmex_ferox,10.59427,-83.71651,Costa Rica,GABI,AOTW_Ponerinae_Occ_56,CRI,valid
Thaumatomyrmex_ferox,10.59427,-83.71651,Costa Rica,GABI,AOTW_Ponerinae_Occ_57,CRI,valid
Neoponera_commutata,-11.55,-47.3167,Brazil,GABI,AOTW_Ponerinae_Occ_58,BRA,valid
Anochetus_africanus,-18.96625,34.35144,Mozambique,GABI,AOTW_Ponerinae_Occ_59,MOZ,valid
Anochetus_africanus,-18.98013889,34.35263889,Mozambique,GABI,AOTW_Ponerinae_Occ_60,MOZ,valid
Leptogenys_leiothorax,-18.64333333,34.81438889,Mozambique,GABI,AOTW_Ponerinae_Occ_61,MOZ,valid
Leptogenys_leiothorax,-19.0425,34.46261111,Mozambique,GABI,AOTW_Ponerinae_Occ_62,MOZ,valid
Mesoponera_ambigua,-18.92636,34.41894,Mozambique,GABI,AOTW_Ponerinae_Occ_63,MOZ,valid
Mesoponera_ambigua,-18.92636111,34.41894444,Mozambique,GABI,AOTW_Ponerinae_Occ_64,MOZ,valid
Odontomachus_troglodytes,-18.98527778,34.30733333,Mozambique,GABI,AOTW_Ponerinae_Occ_65,MOZ,valid
Odontomachus_troglodytes,-19.01533333,34.38219444,Mozambique,GABI,AOTW_Ponerinae_Occ_66,MOZ,valid
Ponera_pennsylvanica,40.13137,-88.14159,United States of America,GABI,AOTW_Ponerinae_Occ_67,USA,valid
Neoponera_apicalis,3.36917,-73.8681,Colombia,GABI,AOTW_Ponerinae_Occ_68,COL,valid
Neoponera_apicalis,4.31444,-72.0825,Colombia,GABI,AOTW_Ponerinae_Occ_69,COL,valid
Pachycondyla_crassinoda,3.35,-73.9333,Colombia,GABI,AOTW_Ponerinae_Occ_70,COL,valid
Pachycondyla_harpax,3.36917,-73.8681,Colombia,GABI,AOTW_Ponerinae_Occ_71,COL,valid
Neoponera_apicalis,3.93556,-76.68833,Colombia,GABI,AOTW_Ponerinae_Occ_72,COL,valid
Neoponera_apicalis,4.56667,-75.7,Colombia,GABI,AOTW_Ponerinae_Occ_73,COL,valid
Odontomachus_opaciventris,3.93556,-76.68833,Colombia,GABI,AOTW_Ponerinae_Occ_74,COL,valid
Neoponera_unidentata,5.71667,-77.26667,Colombia,GABI,AOTW_Ponerinae_Occ_75,COL,valid
Neoponera_apicalis,1.3,-78.0833,Colombia,GABI,AOTW_Ponerinae_Occ_76,COL,valid
Odontomachus_bauri,1.47,-78.6344,Colombia,GABI,AOTW_Ponerinae_Occ_77,COL,valid
Anochetus_vallensis,3.6,-76.06667,Colombia,GABI,AOTW_Ponerinae_Occ_78,COL,valid
Anochetus_vallensis,3.6,-76.06667,Colombia,GABI,AOTW_Ponerinae_Occ_79,COL,valid
Mayaponera_constricta,4.33333,-76.06667,Colombia,GABI,AOTW_Ponerinae_Occ_80,COL,valid
Mayaponera_constricta,4.33333,-76.06667,Colombia,GABI,AOTW_Ponerinae_Occ_81,COL,valid
Mayaponera_constricta,4.33333,-76.06667,Colombia,GABI,AOTW_Ponerinae_Occ_82,COL,valid
Mayaponera_constricta,4.33333,-76.06667,Colombia,GABI,AOTW_Ponerinae_Occ_83,COL,valid
Mayaponera_constricta,4.33333,-76.06667,Colombia,GABI,AOTW_Ponerinae_Occ_84,COL,valid
Mayaponera_constricta,4.33333,-76.06667,Colombia,GABI,AOTW_Ponerinae_Occ_85,COL,valid
Mayaponera_constricta,4.33333,-76.06667,Colombia,GABI,AOTW_Ponerinae_Occ_86,COL,valid
Mayaponera_constricta,3.81667,-76.31667,Colombia,GABI,AOTW_Ponerinae_Occ_87,COL,valid
Mayaponera_constricta,3.81667,-76.31667,Colombia,GABI,AOTW_Ponerinae_Occ_88,COL,valid
Mayaponera_constricta,3.7,-76.96667,Colombia,GABI,AOTW_Ponerinae_Occ_89,COL,valid
Neoponera_crenata,4.51667,-76.23333,Colombia,GABI,AOTW_Ponerinae_Occ_90,COL,valid
Neoponera_fauveli,3.43333,-76.66667,Colombia,GABI,AOTW_Ponerinae_Occ_91,COL,valid
Neoponera_obscuricornis,3.61667,-76.88333,Colombia,GABI,AOTW_Ponerinae_Occ_92,COL,valid
Neoponera_obscuricornis,3.7,-76.96667,Colombia,GABI,AOTW_Ponerinae_Occ_93,COL,valid
Neoponera_unidentata,4.16667,-77.25,Colombia,GABI,AOTW_Ponerinae_Occ_94,COL,valid
Odontomachus_bauri,3.5375,-76.52278,Colombia,GABI,AOTW_Ponerinae_Occ_95,COL,valid
Odontomachus_bauri,3.8933,-77.07,Colombia,GABI,AOTW_Ponerinae_Occ_96,COL,valid
Odontomachus_chelifer,4.16667,-77.25,Colombia,GABI,AOTW_Ponerinae_Occ_97,COL,valid
Odontomachus_erythrocephalus,3.43333,-76.8,Colombia,GABI,AOTW_Ponerinae_Occ_98,COL,valid
Odontomachus_erythrocephalus,3.26667,-76.61667,Colombia,GABI,AOTW_Ponerinae_Occ_99,COL,valid
Odontomachus_erythrocephalus,3.26667,-76.61667,Colombia,GABI,AOTW_Ponerinae_Occ_100,COL,valid
Odontomachus_hastatus,3.7,-76.96667,Colombia,GABI,AOTW_Ponerinae_Occ_101,COL,valid
Pseudoponera_stigma,3.6,-76.06667,Colombia,GABI,AOTW_Ponerinae_Occ_102,COL,valid
Pseudoponera_stigma,3.89333,-77.07,Colombia,GABI,AOTW_Ponerinae_Occ_103,COL,valid
Simopelta_williamsi,3.6,-76.06667,Colombia,GABI,AOTW_Ponerinae_Occ_104,COL,valid
Simopelta_williamsi,3.6,-76.06667,Colombia,GABI,AOTW_Ponerinae_Occ_105,COL,valid
Pseudoponera_stigma,-3.10194,-60.025,Brazil,GABI,AOTW_Ponerinae_Occ_106,BRA,valid
Mayaponera_constricta,-2.8997,-69.7444,Colombia,GABI,AOTW_Ponerinae_Occ_107,COL,valid
Mayaponera_constricta,-2.8997,-69.7444,Colombia,GABI,AOTW_Ponerinae_Occ_108,COL,valid
Neoponera_apicalis,-2.8997,-69.7444,Colombia,GABI,AOTW_Ponerinae_Occ_109,COL,valid
Neoponera_villosa,-2.8997,-69.7444,Colombia,GABI,AOTW_Ponerinae_Occ_110,COL,valid
Neoponera_verenae,-2.8997,-69.7444,Colombia,GABI,AOTW_Ponerinae_Occ_111,COL,valid
Odontomachus_hastatus,-2.8997,-69.7444,Colombia,GABI,AOTW_Ponerinae_Occ_112,COL,valid
Odontomachus_hastatus,-2.8997,-69.7444,Colombia,GABI,AOTW_Ponerinae_Occ_113,COL,valid
Odontomachus_meinerti,-2.8997,-69.7444,Colombia,GABI,AOTW_Ponerinae_Occ_114,COL,valid
Odontomachus_meinerti,-2.8997,-69.7444,Colombia,GABI,AOTW_Ponerinae_Occ_115,COL,valid
Odontomachus_meinerti,-2.8997,-69.7444,Colombia,GABI,AOTW_Ponerinae_Occ_116,COL,valid
Odontomachus_meinerti,-2.8997,-69.7444,Colombia,GABI,AOTW_Ponerinae_Occ_117,COL,valid
Pachycondyla_crassinoda,-2.8997,-69.7444,Colombia,GABI,AOTW_Ponerinae_Occ_118,COL,valid
Pachycondyla_crassinoda,-4.1794,-69.9498,Colombia,GABI,AOTW_Ponerinae_Occ_119,COL,valid
Pachycondyla_harpax,-2.8997,-69.7444,Colombia,GABI,AOTW_Ponerinae_Occ_120,COL,valid
Pachycondyla_harpax,-2.8997,-69.7444,Colombia,GABI,AOTW_Ponerinae_Occ_121,COL,valid
Odontomachus_meinerti,0.18,-72.6233,Colombia,GABI,AOTW_Ponerinae_Occ_122,COL,valid
Anochetus_horridus,-3.10194,-60.025,Brazil,GABI,AOTW_Ponerinae_Occ_123,BRA,valid
Odontomachus_meinerti,0.5,-77.2167,Colombia,GABI,AOTW_Ponerinae_Occ_124,COL,valid
Odontomachus_bradleyi,0.5,-77.2167,Colombia,GABI,AOTW_Ponerinae_Occ_125,COL,valid
Anochetus_diegensis,-1.672,-59.647833,Brazil,GABI,AOTW_Ponerinae_Occ_126,BRA,valid
Anochetus_emarginatus,-3.10194,-60.025,Brazil,GABI,AOTW_Ponerinae_Occ_127,BRA,valid
Anochetus_horridus,-3.10194,-60.025,Brazil,GABI,AOTW_Ponerinae_Occ_128,BRA,valid
Anochetus_mayri,-3.10194,-60.025,Brazil,GABI,AOTW_Ponerinae_Occ_129,BRA,valid
Anochetus_mayri,-3.10194,-60.025,Brazil,GABI,AOTW_Ponerinae_Occ_130,BRA,valid
Anochetus_mayri,-3.10194,-60.025,Brazil,GABI,AOTW_Ponerinae_Occ_131,BRA,valid
Anochetus_mayri,-2.566667,-60.1,Brazil,GABI,AOTW_Ponerinae_Occ_132,BRA,valid
Centromyrmex_brachycola,-3.10194,-60.025,Brazil,GABI,AOTW_Ponerinae_Occ_133,BRA,valid
Hypoponera_distinguenda,-3.10194,-60.025,Brazil,GABI,AOTW_Ponerinae_Occ_134,BRA,valid
Hypoponera_opaciceps,-1.9095,-59.449,Brazil,GABI,AOTW_Ponerinae_Occ_135,BRA,valid
Mayaponera_constricta,-2.566667,-60.1,Brazil,GABI,AOTW_Ponerinae_Occ_136,BRA,valid
Neoponera_apicalis,-2.3,-64.65,Brazil,GABI,AOTW_Ponerinae_Occ_137,BRA,valid
Neoponera_apicalis,-1.9095,-59.449,Brazil,GABI,AOTW_Ponerinae_Occ_138,BRA,valid
Neoponera_commutata,-3.1133,-60.0253,Brazil,GABI,AOTW_Ponerinae_Occ_139,BRA,valid
Neoponera_commutata,-0.1333,-67.0833,Brazil,GABI,AOTW_Ponerinae_Occ_140,BRA,valid
Neoponera_commutata,-3.10194,-60.025,Brazil,GABI,AOTW_Ponerinae_Occ_141,BRA,valid
Neoponera_commutata,-3.10194,-60.025,Brazil,GABI,AOTW_Ponerinae_Occ_142,BRA,valid
Neoponera_commutata,-3.10194,-60.025,Brazil,GABI,AOTW_Ponerinae_Occ_143,BRA,valid
Neoponera_commutata,-3.10194,-60.025,Brazil,GABI,AOTW_Ponerinae_Occ_144,BRA,valid
Neoponera_commutata,-3.10194,-60.025,Brazil,GABI,AOTW_Ponerinae_Occ_145,BRA,valid
Neoponera_commutata,-3.10194,-60.025,Brazil,GABI,AOTW_Ponerinae_Occ_146,BRA,valid
Neoponera_commutata,-3.10194,-60.025,Brazil,GABI,AOTW_Ponerinae_Occ_147,BRA,valid
Neoponera_commutata,-3.10194,-60.025,Brazil,GABI,AOTW_Ponerinae_Occ_148,BRA,valid
Neoponera_commutata,-3.10194,-60.025,Brazil,GABI,AOTW_Ponerinae_Occ_149,BRA,valid
Neoponera_crenata,-3.10194,-60.025,Brazil,GABI,AOTW_Ponerinae_Occ_150,BRA,valid
Neoponera_goeldii,-3.10194,-60.025,Brazil,GABI,AOTW_Ponerinae_Occ_151,BRA,valid
Odontomachus_brunneus,-2.03444,-60.025,Brazil,GABI,AOTW_Ponerinae_Occ_152,BRA,valid
Neoponera_obscuricornis,-2.633333,-60.15,Brazil,GABI,AOTW_Ponerinae_Occ_153,BRA,valid
Pachycondyla_crassinoda,-3.10194,-60.025,Brazil,GABI,AOTW_Ponerinae_Occ_154,BRA,valid
Neoponera_unidentata,-3.10194,-60.025,Brazil,GABI,AOTW_Ponerinae_Occ_155,BRA,valid
Neoponera_unidentata,-3.10194,-60.025,Brazil,GABI,AOTW_Ponerinae_Occ_156,BRA,valid
Neoponera_villosa,-3.10194,-60.025,Brazil,GABI,AOTW_Ponerinae_Occ_157,BRA,valid
Neoponera_villosa,-3.10194,-60.025,Brazil,GABI,AOTW_Ponerinae_Occ_158,BRA,valid
Pachycondyla_harpax,-3.10194,-60.025,Brazil,GABI,AOTW_Ponerinae_Occ_159,BRA,valid
Neoponera_villosa,-3.10194,-60.025,Brazil,GABI,AOTW_Ponerinae_Occ_160,BRA,valid
Neoponera_villosa,-3.10194,-60.025,Brazil,GABI,AOTW_Ponerinae_Occ_161,BRA,valid
Odontomachus_brunneus,-2.916667,-59.983333,Brazil,GABI,AOTW_Ponerinae_Occ_162,BRA,valid
Odontomachus_caelatus,-3.10194,-60.025,Brazil,GABI,AOTW_Ponerinae_Occ_163,BRA,valid
Pachycondyla_harpax,-3.10194,-60.025,Brazil,GABI,AOTW_Ponerinae_Occ_164,BRA,valid
Odontomachus_haematodus,-3.10194,-60.025,Brazil,GABI,AOTW_Ponerinae_Occ_165,BRA,valid
Odontomachus_haematodus,-3.10194,-60.025,Brazil,GABI,AOTW_Ponerinae_Occ_166,BRA,valid
Odontomachus_hastatus,-3.10194,-60.025,Brazil,GABI,AOTW_Ponerinae_Occ_167,BRA,valid
Pachycondyla_crassinoda,-3.10194,-60.025,Brazil,GABI,AOTW_Ponerinae_Occ_168,BRA,valid
Pachycondyla_crassinoda,-3.10194,-60.025,Brazil,GABI,AOTW_Ponerinae_Occ_169,BRA,valid
Pachycondyla_crassinoda,-3.10194,-60.025,Brazil,GABI,AOTW_Ponerinae_Occ_170,BRA,valid
Pachycondyla_crassinoda,-3.10194,-60.025,Brazil,GABI,AOTW_Ponerinae_Occ_171,BRA,valid
Pachycondyla_crassinoda,-1.983333,-61.75,Brazil,GABI,AOTW_Ponerinae_Occ_172,BRA,valid
Pachycondyla_crassinoda,-1.9095,-59.449,Brazil,GABI,AOTW_Ponerinae_Occ_173,BRA,valid
Pachycondyla_crassinoda,-3.10194,-60.025,Brazil,GABI,AOTW_Ponerinae_Occ_174,BRA,valid
Pachycondyla_crassinoda,-1.733333,-51.5,Brazil,GABI,AOTW_Ponerinae_Occ_175,BRA,valid
Pachycondyla_harpax,-2.566667,-60.1,Brazil,GABI,AOTW_Ponerinae_Occ_176,BRA,valid
Pachycondyla_harpax,-2.566667,-60.1,Brazil,GABI,AOTW_Ponerinae_Occ_177,BRA,valid
Platythyrea_angusta,-3.25,-59.966667,Brazil,GABI,AOTW_Ponerinae_Occ_178,BRA,valid
Pseudoponera_stigma,-3.10194,-60.025,Brazil,GABI,AOTW_Ponerinae_Occ_179,BRA,valid
Neoponera_commutata,-8.25778,-49.2647,Brazil,GABI,AOTW_Ponerinae_Occ_180,BRA,valid
Mayaponera_constricta,6.045,-74.9967,Colombia,GABI,AOTW_Ponerinae_Occ_181,COL,valid
Neoponera_apicalis,6.045,-74.9967,Colombia,GABI,AOTW_Ponerinae_Occ_182,COL,valid
Neoponera_apicalis,6.045,-74.9967,Colombia,GABI,AOTW_Ponerinae_Occ_183,COL,valid
Neoponera_verenae,6.045,-74.9967,Colombia,GABI,AOTW_Ponerinae_Occ_184,COL,valid
Odontomachus_bauri,6.045,-74.9967,Colombia,GABI,AOTW_Ponerinae_Occ_185,COL,valid
Odontomachus_erythrocephalus,6.045,-74.9966,Colombia,GABI,AOTW_Ponerinae_Occ_186,COL,valid
Odontomachus_mormo,6.045,-74.9967,Colombia,GABI,AOTW_Ponerinae_Occ_187,COL,valid
Odontomachus_ruginodis,5.7122,-75.3139,Colombia,GABI,AOTW_Ponerinae_Occ_188,COL,valid
Pseudoponera_stigma,6.045,-74.9967,Colombia,GABI,AOTW_Ponerinae_Occ_189,COL,valid
Neoponera_apicalis,4.86667,-73.25,Colombia,GABI,AOTW_Ponerinae_Occ_190,COL,valid
Dinoponera_quadriceps,-14.7856,-39.2803,Brazil,GABI,AOTW_Ponerinae_Occ_191,BRA,valid
Neoponera_apicalis,4.86667,-73.25,Colombia,GABI,AOTW_Ponerinae_Occ_192,COL,valid
Odontomachus_bauri,5.2941,-72.7061,Colombia,GABI,AOTW_Ponerinae_Occ_193,COL,valid
Odontomachus_bauri,5.5897,-74.5897,Colombia,GABI,AOTW_Ponerinae_Occ_194,COL,valid
Odontomachus_bauri,5.9783,-74.5897,Colombia,GABI,AOTW_Ponerinae_Occ_195,COL,valid
Odontomachus_bauri,5.9783,-74.5897,Colombia,GABI,AOTW_Ponerinae_Occ_196,COL,valid
Odontomachus_erythrocephalus,5.94,-73.5169,Colombia,GABI,AOTW_Ponerinae_Occ_197,COL,valid
Odontomachus_erythrocephalus,5.94,-73.5169,Colombia,GABI,AOTW_Ponerinae_Occ_198,COL,valid
Odontomachus_erythrocephalus,5.94,-73.5169,Colombia,GABI,AOTW_Ponerinae_Occ_199,COL,valid
Pachycondyla_crassinoda,4.86667,-73.25,Colombia,GABI,AOTW_Ponerinae_Occ_200,COL,valid
Pachycondyla_crassinoda,4.91667,-73.2667,Colombia,GABI,AOTW_Ponerinae_Occ_201,COL,valid
Pachycondyla_harpax,4.91667,-73.2667,Colombia,GABI,AOTW_Ponerinae_Occ_202,COL,valid
Pachycondyla_harpax,4.91667,-73.2667,Colombia,GABI,AOTW_Ponerinae_Occ_203,COL,valid
Pachycondyla_impressa,5.97833,-74.5897,Colombia,GABI,AOTW_Ponerinae_Occ_204,COL,valid
Pseudoponera_stigma,5.97833,-74.5897,Colombia,GABI,AOTW_Ponerinae_Occ_205,COL,valid
Neoponera_chyzeri,5.61472,-75.46,Colombia,GABI,AOTW_Ponerinae_Occ_206,COL,valid
Neoponera_carbonaria,5.61472,-75.46,Colombia,GABI,AOTW_Ponerinae_Occ_207,COL,valid
Neoponera_verenae,7.44028,-77.1181,Colombia,GABI,AOTW_Ponerinae_Occ_208,COL,valid
Odontomachus_bauri,5.4158,-74.9958,Colombia,GABI,AOTW_Ponerinae_Occ_209,COL,valid
Neoponera_apicalis,4.74806,-73.5369,Colombia,GABI,AOTW_Ponerinae_Occ_210,COL,valid
Neoponera_apicalis,4.74806,-73.5369,Colombia,GABI,AOTW_Ponerinae_Occ_211,COL,valid
Neoponera_villosa,4.37889,-73.2214,Colombia,GABI,AOTW_Ponerinae_Occ_212,COL,valid
Pachycondyla_crassinoda,4.51472,-73.3547,Colombia,GABI,AOTW_Ponerinae_Occ_213,COL,valid
Pachycondyla_crassinoda,4.51472,-73.3547,Colombia,GABI,AOTW_Ponerinae_Occ_214,COL,valid
Pachycondyla_impressa,4.30306,-74.8011,Colombia,GABI,AOTW_Ponerinae_Occ_215,COL,valid
Pseudoponera_stigma,4.74806,-73.5369,Colombia,GABI,AOTW_Ponerinae_Occ_216,COL,valid
Neoponera_carbonaria,2.39417,-75.8947,Colombia,GABI,AOTW_Ponerinae_Occ_217,COL,valid
Neoponera_carbonaria,2.39417,-75.8947,Colombia,GABI,AOTW_Ponerinae_Occ_218,COL,valid
Dinoponera_quadriceps,-14.7856,-39.2803,Brazil,GABI,AOTW_Ponerinae_Occ_219,BRA,valid
Dinoponera_quadriceps,-14.7856,-39.2803,Brazil,GABI,AOTW_Ponerinae_Occ_220,BRA,valid
Anochetus_mayri,4.15,-75.16667,Colombia,GABI,AOTW_Ponerinae_Occ_221,COL,valid
Mayaponera_constricta,4.79217,-75.7311,Colombia,GABI,AOTW_Ponerinae_Occ_222,COL,valid
Mayaponera_constricta,4.79217,-75.7311,Colombia,GABI,AOTW_Ponerinae_Occ_223,COL,valid
Mayaponera_constricta,4.79217,-75.7311,Colombia,GABI,AOTW_Ponerinae_Occ_224,COL,valid
Odontomachus_chelifer,4.79217,-75.7311,Colombia,GABI,AOTW_Ponerinae_Occ_225,COL,valid
Mayaponera_constricta,4.79217,-75.7311,Colombia,GABI,AOTW_Ponerinae_Occ_226,COL,valid
Mayaponera_constricta,4.8575,-75.8803,Colombia,GABI,AOTW_Ponerinae_Occ_227,COL,valid
Mayaponera_constricta,4.8575,-75.8803,Colombia,GABI,AOTW_Ponerinae_Occ_228,COL,valid
Mayaponera_constricta,4.8575,-75.8803,Colombia,GABI,AOTW_Ponerinae_Occ_229,COL,valid
Mayaponera_constricta,4.8575,-75.8803,Colombia,GABI,AOTW_Ponerinae_Occ_230,COL,valid
Mayaponera_constricta,4.8575,-75.8803,Colombia,GABI,AOTW_Ponerinae_Occ_231,COL,valid
Mayaponera_constricta,5.23833,-76.0364,Colombia,GABI,AOTW_Ponerinae_Occ_232,COL,valid
Neoponera_obscuricornis,4.79217,-75.7311,Colombia,GABI,AOTW_Ponerinae_Occ_233,COL,valid
Neoponera_apicalis,4.7756,-75.7467,Colombia,GABI,AOTW_Ponerinae_Occ_234,COL,valid
Neoponera_apicalis,4.16667,-75.1,Colombia,GABI,AOTW_Ponerinae_Occ_235,COL,valid
Neoponera_apicalis,4.16667,-75.1,Colombia,GABI,AOTW_Ponerinae_Occ_236,COL,valid
Neoponera_apicalis,4.79217,-75.7311,Colombia,GABI,AOTW_Ponerinae_Occ_237,COL,valid
Neoponera_apicalis,5.23833,-76.0364,Colombia,GABI,AOTW_Ponerinae_Occ_238,COL,valid
Neoponera_chyzeri,5.23833,-76.0364,Colombia,GABI,AOTW_Ponerinae_Occ_239,COL,valid
Neoponera_crenata,5.13333,-75.95,Colombia,GABI,AOTW_Ponerinae_Occ_240,COL,valid
Neoponera_fauveli,4.79217,-75.7311,Colombia,GABI,AOTW_Ponerinae_Occ_241,COL,valid
Neoponera_fauveli,5.23833,-76.0364,Colombia,GABI,AOTW_Ponerinae_Occ_242,COL,valid
Neoponera_inversa,5.23833,-76.0364,Colombia,GABI,AOTW_Ponerinae_Occ_243,COL,valid
Neoponera_obscuricornis,4.79217,-75.7311,Colombia,GABI,AOTW_Ponerinae_Occ_244,COL,valid
Neoponera_obscuricornis,4.79217,-75.7311,Colombia,GABI,AOTW_Ponerinae_Occ_245,COL,valid
Neoponera_striatinodis,4.79217,-75.7311,Colombia,GABI,AOTW_Ponerinae_Occ_246,COL,valid
Neoponera_verenae,5.29944,-75.8869,Colombia,GABI,AOTW_Ponerinae_Occ_247,COL,valid
Neoponera_theresiae,5.29944,-75.8869,Colombia,GABI,AOTW_Ponerinae_Occ_248,COL,valid
Neoponera_unidentata,4.79217,-75.7311,Colombia,GABI,AOTW_Ponerinae_Occ_249,COL,valid
Neoponera_unidentata,4.16667,-75.1,Colombia,GABI,AOTW_Ponerinae_Occ_250,COL,valid
Neoponera_unidentata,4.16667,-75.1,Colombia,GABI,AOTW_Ponerinae_Occ_251,COL,valid
Neoponera_unidentata,4.16667,-75.1,Colombia,GABI,AOTW_Ponerinae_Occ_252,COL,valid
Neoponera_unidentata,4.16667,-75.1,Colombia,GABI,AOTW_Ponerinae_Occ_253,COL,valid
Neoponera_unidentata,4.16667,-75.1,Colombia,GABI,AOTW_Ponerinae_Occ_254,COL,valid
Neoponera_unidentata,5.29944,-75.8869,Colombia,GABI,AOTW_Ponerinae_Occ_255,COL,valid
Neoponera_unidentata,5.29944,-75.8869,Colombia,GABI,AOTW_Ponerinae_Occ_256,COL,valid
Neoponera_unidentata,5.29944,-75.8869,Colombia,GABI,AOTW_Ponerinae_Occ_257,COL,valid
Neoponera_unidentata,5.29944,-75.8869,Colombia,GABI,AOTW_Ponerinae_Occ_258,COL,valid
Neoponera_unidentata,4.79217,-75.7311,Colombia,GABI,AOTW_Ponerinae_Occ_259,COL,valid
Neoponera_verenae,5.29944,-75.8869,Colombia,GABI,AOTW_Ponerinae_Occ_260,COL,valid
Neoponera_verenae,5.29944,-75.8869,Colombia,GABI,AOTW_Ponerinae_Occ_261,COL,valid
Neoponera_verenae,4.79217,-75.7311,Colombia,GABI,AOTW_Ponerinae_Occ_262,COL,valid
Neoponera_verenae,5.23833,-76.0364,Colombia,GABI,AOTW_Ponerinae_Occ_263,COL,valid
Neoponera_verenae,5.23833,-76.0364,Colombia,GABI,AOTW_Ponerinae_Occ_264,COL,valid
Neoponera_verenae,5.23833,-76.0364,Colombia,GABI,AOTW_Ponerinae_Occ_265,COL,valid
Neoponera_verenae,5.23833,-76.0364,Colombia,GABI,AOTW_Ponerinae_Occ_266,COL,valid
Neoponera_verenae,5.23833,-76.0364,Colombia,GABI,AOTW_Ponerinae_Occ_267,COL,valid
Neoponera_villosa,5.29944,-75.8869,Colombia,GABI,AOTW_Ponerinae_Occ_268,COL,valid
Neoponera_villosa,5.29944,-75.8869,Colombia,GABI,AOTW_Ponerinae_Occ_269,COL,valid
Neoponera_villosa,5.23833,-76.0364,Colombia,GABI,AOTW_Ponerinae_Occ_270,COL,valid
Neoponera_villosa,5.23833,-76.0364,Colombia,GABI,AOTW_Ponerinae_Occ_271,COL,valid
Odontomachus_bauri,4.79217,-75.7311,Colombia,GABI,AOTW_Ponerinae_Occ_272,COL,valid
Odontomachus_bauri,4.79217,-75.7311,Colombia,GABI,AOTW_Ponerinae_Occ_273,COL,valid
Odontomachus_bauri,4.79217,-75.7311,Colombia,GABI,AOTW_Ponerinae_Occ_274,COL,valid
Odontomachus_bauri,4.79217,-75.7311,Colombia,GABI,AOTW_Ponerinae_Occ_275,COL,valid
Odontomachus_bauri,4.79217,-75.7311,Colombia,GABI,AOTW_Ponerinae_Occ_276,COL,valid
Odontomachus_chelifer,4.79217,-75.7311,Colombia,GABI,AOTW_Ponerinae_Occ_277,COL,valid
Odontomachus_chelifer,4.79217,-75.7311,Colombia,GABI,AOTW_Ponerinae_Occ_278,COL,valid
Odontomachus_chelifer,4.79217,-75.7311,Colombia,GABI,AOTW_Ponerinae_Occ_279,COL,valid
Odontomachus_chelifer,4.79217,-75.7311,Colombia,GABI,AOTW_Ponerinae_Occ_280,COL,valid
Odontomachus_erythrocephalus,5.2994,-75.8869,Colombia,GABI,AOTW_Ponerinae_Occ_281,COL,valid
Odontomachus_erythrocephalus,5.29944,-75.8869,Colombia,GABI,AOTW_Ponerinae_Occ_282,COL,valid
Odontomachus_erythrocephalus,5.2994,-75.8869,Colombia,GABI,AOTW_Ponerinae_Occ_283,COL,valid
Pachycondyla_harpax,5.23833,-76.3531,Colombia,GABI,AOTW_Ponerinae_Occ_284,COL,valid
Pachycondyla_harpax,5.23833,-76.0364,Colombia,GABI,AOTW_Ponerinae_Occ_285,COL,valid
Pachycondyla_harpax,5.23833,-76.0364,Colombia,GABI,AOTW_Ponerinae_Occ_286,COL,valid
Pachycondyla_impressa,4.79217,-75.7311,Colombia,GABI,AOTW_Ponerinae_Occ_287,COL,valid
Pachycondyla_impressa,4.79217,-75.7311,Colombia,GABI,AOTW_Ponerinae_Occ_288,COL,valid
Pachycondyla_impressa,4.79217,-75.7311,Colombia,GABI,AOTW_Ponerinae_Occ_289,COL,valid
Pachycondyla_impressa,4.79217,-75.7311,Colombia,GABI,AOTW_Ponerinae_Occ_290,COL,valid
Pachycondyla_impressa,4.79217,-75.7311,Colombia,GABI,AOTW_Ponerinae_Occ_291,COL,valid
Pachycondyla_impressa,4.16667,-75.1,Colombia,GABI,AOTW_Ponerinae_Occ_292,COL,valid
Pachycondyla_impressa,4.16667,-75.1,Colombia,GABI,AOTW_Ponerinae_Occ_293,COL,valid
Pachycondyla_impressa,4.79217,-75.7311,Colombia,GABI,AOTW_Ponerinae_Occ_294,COL,valid
Pachycondyla_impressa,4.79217,-75.7311,Colombia,GABI,AOTW_Ponerinae_Occ_295,COL,valid
Pachycondyla_impressa,4.8575,-75.8803,Colombia,GABI,AOTW_Ponerinae_Occ_296,COL,valid
Pachycondyla_impressa,5.23833,-76.0364,Colombia,GABI,AOTW_Ponerinae_Occ_297,COL,valid
Pachycondyla_impressa,5.23833,-76.0364,Colombia,GABI,AOTW_Ponerinae_Occ_298,COL,valid
Pachycondyla_impressa,5.23833,-76.0364,Colombia,GABI,AOTW_Ponerinae_Occ_299,COL,valid
Dinoponera_quadriceps,-14.7856,-39.2803,Brazil,GABI,AOTW_Ponerinae_Occ_300,BRA,valid
Pseudoponera_stigma,4.79217,-75.7311,Colombia,GABI,AOTW_Ponerinae_Occ_301,COL,valid
Pseudoponera_stigma,4.79217,-75.7311,Colombia,GABI,AOTW_Ponerinae_Occ_302,COL,valid
Pseudoponera_stigma,4.16667,-75.1,Colombia,GABI,AOTW_Ponerinae_Occ_303,COL,valid
Simopelta_williamsi,5.13333,-75.95,Colombia,GABI,AOTW_Ponerinae_Occ_304,COL,valid
Dinoponera_quadriceps,-14.7856,-39.2803,Brazil,GABI,AOTW_Ponerinae_Occ_305,BRA,valid
Dinoponera_quadriceps,-14.7856,-39.2803,Brazil,GABI,AOTW_Ponerinae_Occ_306,BRA,valid
Odontomachus_chelifer,7.0702,-73.0925,Colombia,GABI,AOTW_Ponerinae_Occ_307,COL,valid
Odontomachus_chelifer,7.0702,-73.0925,Colombia,GABI,AOTW_Ponerinae_Occ_308,COL,valid
Odontomachus_erythrocephalus,6.98,-73.05,Colombia,GABI,AOTW_Ponerinae_Occ_309,COL,valid
Odontomachus_erythrocephalus,6.9897,-73.0538,Colombia,GABI,AOTW_Ponerinae_Occ_310,COL,valid
Odontomachus_erythrocephalus,4.06333,-74.6955,Colombia,GABI,AOTW_Ponerinae_Occ_311,COL,valid
Odontomachus_erythrocephalus,4.06,-74.7,Colombia,GABI,AOTW_Ponerinae_Occ_312,COL,valid
Odontomachus_erythrocephalus,4.06,-74.7,Colombia,GABI,AOTW_Ponerinae_Occ_313,COL,valid
Odontomachus_erythrocephalus,4.06333,-74.6955,Colombia,GABI,AOTW_Ponerinae_Occ_314,COL,valid
Odontomachus_erythrocephalus,4.06333,-74.6955,Colombia,GABI,AOTW_Ponerinae_Occ_315,COL,valid
Odontomachus_erythrocephalus,4.06333,-74.6955,Colombia,GABI,AOTW_Ponerinae_Occ_316,COL,valid
Odontomachus_erythrocephalus,4.06333,-74.6955,Colombia,GABI,AOTW_Ponerinae_Occ_317,COL,valid
Neoponera_apicalis,-13.0167,-40.0167,Brazil,GABI,AOTW_Ponerinae_Occ_318,BRA,valid
Odontomachus_erythrocephalus,4.06333,-74.6955,Colombia,GABI,AOTW_Ponerinae_Occ_319,COL,valid
Odontomachus_erythrocephalus,4.06,-74.7,Colombia,GABI,AOTW_Ponerinae_Occ_320,COL,valid
Odontomachus_erythrocephalus,4.06,-74.7,Colombia,GABI,AOTW_Ponerinae_Occ_321,COL,valid
Odontomachus_erythrocephalus,4.06,-74.7,Colombia,GABI,AOTW_Ponerinae_Occ_322,COL,valid
Odontomachus_erythrocephalus,4.0633,-74.6955,Colombia,GABI,AOTW_Ponerinae_Occ_323,COL,valid
Odontomachus_erythrocephalus,4.06333,-74.6955,Colombia,GABI,AOTW_Ponerinae_Occ_324,COL,valid
Odontomachus_erythrocephalus,4.06333,-74.6955,Colombia,GABI,AOTW_Ponerinae_Occ_325,COL,valid
Odontomachus_erythrocephalus,4.06333,-74.6955,Colombia,GABI,AOTW_Ponerinae_Occ_326,COL,valid
Odontomachus_erythrocephalus,4.06333,-74.6955,Colombia,GABI,AOTW_Ponerinae_Occ_327,COL,valid
Odontomachus_opaciventris,4.1802,-74.5362,Colombia,GABI,AOTW_Ponerinae_Occ_328,COL,valid
Pachycondyla_harpax,4.18028,-74.5361,Colombia,GABI,AOTW_Ponerinae_Occ_329,COL,valid
Pachycondyla_harpax,4.18028,-74.5361,Colombia,GABI,AOTW_Ponerinae_Occ_330,COL,valid
Pachycondyla_impressa,4.18028,-74.5361,Colombia,GABI,AOTW_Ponerinae_Occ_331,COL,valid
Platythyrea_pilosula,4.18028,-74.5361,Colombia,GABI,AOTW_Ponerinae_Occ_332,COL,valid
Dinoponera_quadriceps,-14.7856,-39.2803,Brazil,GABI,AOTW_Ponerinae_Occ_333,BRA,valid
Dinoponera_quadriceps,-14.7856,-39.2803,Brazil,GABI,AOTW_Ponerinae_Occ_334,BRA,valid
Dinoponera_quadriceps,-14.7856,-39.2803,Brazil,GABI,AOTW_Ponerinae_Occ_335,BRA,valid
Dinoponera_quadriceps,-14.7856,-39.2803,Brazil,GABI,AOTW_Ponerinae_Occ_336,BRA,valid
Dinoponera_quadriceps,-14.7856,-39.2803,Brazil,GABI,AOTW_Ponerinae_Occ_337,BRA,valid
Dinoponera_quadriceps,-14.7856,-39.2803,Brazil,GABI,AOTW_Ponerinae_Occ_338,BRA,valid
Dinoponera_quadriceps,-14.7856,-39.2803,Brazil,GABI,AOTW_Ponerinae_Occ_339,BRA,valid
Dinoponera_quadriceps,-14.7856,-39.2803,Brazil,GABI,AOTW_Ponerinae_Occ_340,BRA,valid
Dinoponera_quadriceps,-14.7856,-39.2803,Brazil,GABI,AOTW_Ponerinae_Occ_341,BRA,valid
Dinoponera_quadriceps,-14.7856,-39.2803,Brazil,GABI,AOTW_Ponerinae_Occ_342,BRA,valid
Neoponera_villosa,-7.8667,-37.8667,Brazil,GABI,AOTW_Ponerinae_Occ_343,BRA,valid
Anochetus_mayri,10.59427,-83.71651,Costa Rica,GABI,AOTW_Ponerinae_Occ_344,CRI,valid
Anochetus_mayri,10.21953,-84.60076,Costa Rica,GABI,AOTW_Ponerinae_Occ_345,CRI,valid
Anochetus_micans,10.33333,-84.06667,Costa Rica,GABI,AOTW_Ponerinae_Occ_346,CRI,valid
Anochetus_striatulus,10.59427,-83.71651,Costa Rica,GABI,AOTW_Ponerinae_Occ_347,CRI,valid
Anochetus_striatulus,10.59427,-83.71651,Costa Rica,GABI,AOTW_Ponerinae_Occ_348,CRI,valid
Anochetus_striatulus,10.59427,-83.71651,Costa Rica,GABI,AOTW_Ponerinae_Occ_349,CRI,valid
Anochetus_striatulus,9.87554,-83.23837,Costa Rica,GABI,AOTW_Ponerinae_Occ_350,CRI,valid
Anochetus_striatulus,10.33333,-84.06667,Costa Rica,GABI,AOTW_Ponerinae_Occ_351,CRI,valid
Anochetus_striatulus,10.33333,-84.06667,Costa Rica,GABI,AOTW_Ponerinae_Occ_352,CRI,valid
Belonopelta_deletrix,10.23617,-84.11767,Costa Rica,GABI,AOTW_Ponerinae_Occ_353,CRI,valid
Centromyrmex_alfaroi,8.53482,-83.42667,Costa Rica,GABI,AOTW_Ponerinae_Occ_354,CRI,valid
Centromyrmex_alfaroi,10.59427,-83.71651,Costa Rica,GABI,AOTW_Ponerinae_Occ_355,CRI,valid
Centromyrmex_alfaroi,10.35,-84.05,Costa Rica,GABI,AOTW_Ponerinae_Occ_356,CRI,valid
Hypoponera_distinguenda,10.88674,-85.88645,Costa Rica,GABI,AOTW_Ponerinae_Occ_357,CRI,valid
Hypoponera_distinguenda,10.35,-84.05,Costa Rica,GABI,AOTW_Ponerinae_Occ_358,CRI,valid
Hypoponera_distinguenda,10.35,-84.05,Costa Rica,GABI,AOTW_Ponerinae_Occ_359,CRI,valid
Hypoponera_distinguenda,10.35,-84.05,Costa Rica,GABI,AOTW_Ponerinae_Occ_360,CRI,valid
Hypoponera_distinguenda,10.35,-84.05,Costa Rica,GABI,AOTW_Ponerinae_Occ_361,CRI,valid
Hypoponera_nitidula,10.35,-84.05,Costa Rica,GABI,AOTW_Ponerinae_Occ_362,CRI,valid
Hypoponera_nitidula,10.35,-84.05,Costa Rica,GABI,AOTW_Ponerinae_Occ_363,CRI,valid
Hypoponera_nitidula,10.35,-84.05,Costa Rica,GABI,AOTW_Ponerinae_Occ_364,CRI,valid
Hypoponera_nitidula,10.35,-84.05,Costa Rica,GABI,AOTW_Ponerinae_Occ_365,CRI,valid
Hypoponera_nitidula,10.35,-84.05,Costa Rica,GABI,AOTW_Ponerinae_Occ_366,CRI,valid
Hypoponera_nitidula,10.35,-84.05,Costa Rica,GABI,AOTW_Ponerinae_Occ_367,CRI,valid
Hypoponera_nitidula,10.33333,-84.06667,Costa Rica,GABI,AOTW_Ponerinae_Occ_368,CRI,valid
Hypoponera_nitidula,10.33333,-84.06667,Costa Rica,GABI,AOTW_Ponerinae_Occ_369,CRI,valid
Hypoponera_nitidula,10.33333,-84.06667,Costa Rica,GABI,AOTW_Ponerinae_Occ_370,CRI,valid
Hypoponera_parva,10.23617,-84.11767,Costa Rica,GABI,AOTW_Ponerinae_Occ_371,CRI,valid
Hypoponera_parva,10.23617,-84.11767,Costa Rica,GABI,AOTW_Ponerinae_Occ_372,CRI,valid
Hypoponera_parva,10.23617,-84.11767,Costa Rica,GABI,AOTW_Ponerinae_Occ_373,CRI,valid
Hypoponera_parva,10.23617,-84.11767,Costa Rica,GABI,AOTW_Ponerinae_Occ_374,CRI,valid
Hypoponera_parva,10.35,-84.05,Costa Rica,GABI,AOTW_Ponerinae_Occ_375,CRI,valid
Hypoponera_parva,10.35,-84.05,Costa Rica,GABI,AOTW_Ponerinae_Occ_376,CRI,valid
Hypoponera_parva,10.35,-84.05,Costa Rica,GABI,AOTW_Ponerinae_Occ_377,CRI,valid
Hypoponera_parva,10.33333,-84.06667,Costa Rica,GABI,AOTW_Ponerinae_Occ_378,CRI,valid
Hypoponera_parva,10.33333,-84.06667,Costa Rica,GABI,AOTW_Ponerinae_Occ_379,CRI,valid
Ponera_pennsylvanica,40.1133,-88.2046,United States of America,GABI,AOTW_Ponerinae_Occ_380,USA,valid
Ponera_pennsylvanica,40.12623,-88.21306,United States of America,GABI,AOTW_Ponerinae_Occ_381,USA,valid
Leptogenys_famelica,9.97216,-83.6922,Costa Rica,GABI,AOTW_Ponerinae_Occ_382,CRI,valid
Leptogenys_josephi,10.35,-84.05,Costa Rica,GABI,AOTW_Ponerinae_Occ_383,CRI,valid
Leptogenys_montuosa,10.33333,-84.06667,Costa Rica,GABI,AOTW_Ponerinae_Occ_384,CRI,valid
Leptogenys_punctaticeps,10.59427,-83.71651,Costa Rica,GABI,AOTW_Ponerinae_Occ_385,CRI,valid
Leptogenys_punctaticeps,10.35,-84.05,Costa Rica,GABI,AOTW_Ponerinae_Occ_386,CRI,valid
Leptogenys_punctaticeps,10.35,-84.05,Costa Rica,GABI,AOTW_Ponerinae_Occ_387,CRI,valid
Leptogenys_punctaticeps,10.33333,-84.06667,Costa Rica,GABI,AOTW_Ponerinae_Occ_388,CRI,valid
Leptogenys_punctaticeps,8.48017,-83.59129,Costa Rica,GABI,AOTW_Ponerinae_Occ_389,CRI,valid
Leptogenys_pusilla,8.48017,-83.59129,Costa Rica,GABI,AOTW_Ponerinae_Occ_390,CRI,valid
Leptogenys_pusilla,8.6791,-83.56671,Costa Rica,GABI,AOTW_Ponerinae_Occ_391,CRI,valid
Leptogenys_pusilla,10.33333,-84.06667,Costa Rica,GABI,AOTW_Ponerinae_Occ_392,CRI,valid
Mayaponera_constricta,9.76745,-84.60812,Costa Rica,GABI,AOTW_Ponerinae_Occ_393,CRI,valid
Mayaponera_constricta,10.59427,-83.71651,Costa Rica,GABI,AOTW_Ponerinae_Occ_394,CRI,valid
Mayaponera_constricta,10.59427,-83.71651,Costa Rica,GABI,AOTW_Ponerinae_Occ_395,CRI,valid
Mayaponera_constricta,10.59427,-83.71651,Costa Rica,GABI,AOTW_Ponerinae_Occ_396,CRI,valid
Mayaponera_constricta,10.59427,-83.71651,Costa Rica,GABI,AOTW_Ponerinae_Occ_397,CRI,valid
Mayaponera_constricta,10.59427,-83.71651,Costa Rica,GABI,AOTW_Ponerinae_Occ_398,CRI,valid
Mayaponera_constricta,10.40126,-84.05023,Costa Rica,GABI,AOTW_Ponerinae_Occ_399,CRI,valid
Mayaponera_constricta,10.35,-84.05,Costa Rica,GABI,AOTW_Ponerinae_Occ_400,CRI,valid
Neoponera_unidentata,9.38773,-84.13281,Costa Rica,GABI,AOTW_Ponerinae_Occ_401,CRI,valid
Platythyrea_pilosula,10.35,-84.05,Costa Rica,GABI,AOTW_Ponerinae_Occ_402,CRI,valid
Platythyrea_pilosula,10.33333,-84.06667,Costa Rica,GABI,AOTW_Ponerinae_Occ_403,CRI,valid
Platythyrea_prizo,10.35,-84.05,Costa Rica,GABI,AOTW_Ponerinae_Occ_404,CRI,valid
Platythyrea_punctata,10.37854,-83.9466,Costa Rica,GABI,AOTW_Ponerinae_Occ_405,CRI,valid
Platythyrea_punctata,9.77423,-84.60812,Costa Rica,GABI,AOTW_Ponerinae_Occ_406,CRI,valid
Platythyrea_punctata,10.59427,-83.71651,Costa Rica,GABI,AOTW_Ponerinae_Occ_407,CRI,valid
Platythyrea_sinuata,8.94944,-82.83644,Costa Rica,GABI,AOTW_Ponerinae_Occ_408,CRI,valid
Pseudoponera_cognata,10.59427,-83.71651,Costa Rica,GABI,AOTW_Ponerinae_Occ_409,CRI,valid
Pseudoponera_cognata,10.35,-84.05,Costa Rica,GABI,AOTW_Ponerinae_Occ_410,CRI,valid
Pseudoponera_cognata,10.33333,-84.06667,Costa Rica,GABI,AOTW_Ponerinae_Occ_411,CRI,valid
Pseudoponera_cognata,10.33333,-84.06667,Costa Rica,GABI,AOTW_Ponerinae_Occ_412,CRI,valid
Pseudoponera_cognata,10.33333,-84.06667,Costa Rica,GABI,AOTW_Ponerinae_Occ_413,CRI,valid
Pseudoponera_cognata,10.33333,-84.06667,Costa Rica,GABI,AOTW_Ponerinae_Occ_414,CRI,valid
Pseudoponera_cognata,10.33333,-84.06667,Costa Rica,GABI,AOTW_Ponerinae_Occ_415,CRI,valid
Pseudoponera_stigma,8.48017,-83.59129,Costa Rica,GABI,AOTW_Ponerinae_Occ_416,CRI,valid
Pseudoponera_stigma,9.76745,-84.60812,Costa Rica,GABI,AOTW_Ponerinae_Occ_417,CRI,valid
Pseudoponera_stigma,9.76745,-84.60812,Costa Rica,GABI,AOTW_Ponerinae_Occ_418,CRI,valid
Pseudoponera_succedanea,8.6791,-83.56671,Costa Rica,GABI,AOTW_Ponerinae_Occ_419,CRI,valid
Pseudoponera_stigma,9.76745,-84.60812,Costa Rica,GABI,AOTW_Ponerinae_Occ_420,CRI,valid
Pseudoponera_stigma,8.6791,-83.56671,Costa Rica,GABI,AOTW_Ponerinae_Occ_421,CRI,valid
Pseudoponera_stigma,8.6791,-83.56671,Costa Rica,GABI,AOTW_Ponerinae_Occ_422,CRI,valid
Pseudoponera_stigma,10.53955,-83.50648,Costa Rica,GABI,AOTW_Ponerinae_Occ_423,CRI,valid
Pseudoponera_stigma,9.49707,-83.15257,Costa Rica,GABI,AOTW_Ponerinae_Occ_424,CRI,valid
Pseudoponera_stigma,10.40126,-84.05023,Costa Rica,GABI,AOTW_Ponerinae_Occ_425,CRI,valid
Pseudoponera_succedanea,10.35,-84.05,Costa Rica,GABI,AOTW_Ponerinae_Occ_426,CRI,valid
Pseudoponera_succedanea,8.89147,-82.79294,Costa Rica,GABI,AOTW_Ponerinae_Occ_427,CRI,valid
Pseudoponera_succedanea,8.6791,-83.56671,Costa Rica,GABI,AOTW_Ponerinae_Occ_428,CRI,valid
Pseudoponera_succedanea,9.76258,-83.78651,Costa Rica,GABI,AOTW_Ponerinae_Occ_429,CRI,valid
Simopelta_oculata,10.23617,-84.11767,Costa Rica,GABI,AOTW_Ponerinae_Occ_430,CRI,valid
Simopelta_oculata,10.23617,-84.11767,Costa Rica,GABI,AOTW_Ponerinae_Occ_431,CRI,valid
Simopelta_pergandei,10.35,-84.05,Costa Rica,GABI,AOTW_Ponerinae_Occ_432,CRI,valid
Thaumatomyrmex_ferox,10.99261,-85.42948,Costa Rica,GABI,AOTW_Ponerinae_Occ_433,CRI,valid
Thaumatomyrmex_ferox,10.59427,-83.71651,Costa Rica,GABI,AOTW_Ponerinae_Occ_434,CRI,valid
Centromyrmex_alfaroi,8.53482,-83.42667,Costa Rica,GABI,AOTW_Ponerinae_Occ_435,CRI,valid
Centromyrmex_alfaroi,8.53482,-83.42667,Costa Rica,GABI,AOTW_Ponerinae_Occ_436,CRI,valid
Centromyrmex_alfaroi,8.53661,-83.42551,Costa Rica,GABI,AOTW_Ponerinae_Occ_437,CRI,valid
Centromyrmex_alfaroi,8.53661,-83.42551,Costa Rica,GABI,AOTW_Ponerinae_Occ_438,CRI,valid
Centromyrmex_alfaroi,10.33333,-84.06667,Costa Rica,GABI,AOTW_Ponerinae_Occ_439,CRI,valid
Cryptopone_gilva,10.29843,-84.79254,Costa Rica,GABI,AOTW_Ponerinae_Occ_440,CRI,valid
Cryptopone_gilva,10.29843,-84.79254,Costa Rica,GABI,AOTW_Ponerinae_Occ_441,CRI,valid
Cryptopone_gilva,10.29843,-84.79254,Costa Rica,GABI,AOTW_Ponerinae_Occ_442,CRI,valid
Cryptopone_gilva,10.29843,-84.79254,Costa Rica,GABI,AOTW_Ponerinae_Occ_443,CRI,valid
Cryptopone_gilva,10.29843,-84.79254,Costa Rica,GABI,AOTW_Ponerinae_Occ_444,CRI,valid
Cryptopone_gilva,10.29798,-84.79254,Costa Rica,GABI,AOTW_Ponerinae_Occ_445,CRI,valid
Cryptopone_gilva,10.29798,-84.79254,Costa Rica,GABI,AOTW_Ponerinae_Occ_446,CRI,valid
Cryptopone_gilva,10.23617,-84.11767,Costa Rica,GABI,AOTW_Ponerinae_Occ_447,CRI,valid
Cryptopone_gilva,10.23617,-84.11767,Costa Rica,GABI,AOTW_Ponerinae_Occ_448,CRI,valid
Cryptopone_gilva,10.23617,-84.11767,Costa Rica,GABI,AOTW_Ponerinae_Occ_449,CRI,valid
Cryptopone_gilva,10.23617,-84.11767,Costa Rica,GABI,AOTW_Ponerinae_Occ_450,CRI,valid
Cryptopone_gilva,10.23617,-84.11767,Costa Rica,GABI,AOTW_Ponerinae_Occ_451,CRI,valid
Cryptopone_gilva,10.23617,-84.11767,Costa Rica,GABI,AOTW_Ponerinae_Occ_452,CRI,valid
Cryptopone_gilva,10.23617,-84.11767,Costa Rica,GABI,AOTW_Ponerinae_Occ_453,CRI,valid
Cryptopone_gilva,10.23617,-84.11767,Costa Rica,GABI,AOTW_Ponerinae_Occ_454,CRI,valid
Cryptopone_gilva,10.23617,-84.11767,Costa Rica,GABI,AOTW_Ponerinae_Occ_455,CRI,valid
Cryptopone_gilva,10.23617,-84.11767,Costa Rica,GABI,AOTW_Ponerinae_Occ_456,CRI,valid
Cryptopone_gilva,10.23617,-84.11767,Costa Rica,GABI,AOTW_Ponerinae_Occ_457,CRI,valid
Cryptopone_gilva,10.23617,-84.11767,Costa Rica,GABI,AOTW_Ponerinae_Occ_458,CRI,valid
Cryptopone_gilva,10.23617,-84.11767,Costa Rica,GABI,AOTW_Ponerinae_Occ_459,CRI,valid
Cryptopone_gilva,10.23617,-84.11767,Costa Rica,GABI,AOTW_Ponerinae_Occ_460,CRI,valid
Cryptopone_gilva,10.23617,-84.11767,Costa Rica,GABI,AOTW_Ponerinae_Occ_461,CRI,valid
Cryptopone_gilva,10.23617,-84.11767,Costa Rica,GABI,AOTW_Ponerinae_Occ_462,CRI,valid
Neoponera_aenescens,10.3043,-84.7962,Costa Rica,GABI,AOTW_Ponerinae_Occ_463,CRI,valid
Hypoponera_distinguenda,10.88674,-85.88645,Costa Rica,GABI,AOTW_Ponerinae_Occ_464,CRI,valid
Hypoponera_distinguenda,10.35,-84.05,Costa Rica,GABI,AOTW_Ponerinae_Occ_465,CRI,valid
Hypoponera_distinguenda,10.35,-84.05,Costa Rica,GABI,AOTW_Ponerinae_Occ_466,CRI,valid
Hypoponera_distinguenda,10.35,-84.05,Costa Rica,GABI,AOTW_Ponerinae_Occ_467,CRI,valid
Hypoponera_distinguenda,10.35,-84.05,Costa Rica,GABI,AOTW_Ponerinae_Occ_468,CRI,valid
Hypoponera_distinguenda,10.35,-84.05,Costa Rica,GABI,AOTW_Ponerinae_Occ_469,CRI,valid
Hypoponera_nitidula,10.35,-84.05,Costa Rica,GABI,AOTW_Ponerinae_Occ_470,CRI,valid
Hypoponera_nitidula,10.35,-84.05,Costa Rica,GABI,AOTW_Ponerinae_Occ_471,CRI,valid
Hypoponera_nitidula,10.35,-84.05,Costa Rica,GABI,AOTW_Ponerinae_Occ_472,CRI,valid
Hypoponera_nitidula,10.33333,-84.06667,Costa Rica,GABI,AOTW_Ponerinae_Occ_473,CRI,valid
Hypoponera_nitidula,10.33333,-84.06667,Costa Rica,GABI,AOTW_Ponerinae_Occ_474,CRI,valid
Hypoponera_nitidula,10.33333,-84.06667,Costa Rica,GABI,AOTW_Ponerinae_Occ_475,CRI,valid
Hypoponera_nitidula,10.33333,-84.06667,Costa Rica,GABI,AOTW_Ponerinae_Occ_476,CRI,valid
Hypoponera_parva,10.23617,-84.11767,Costa Rica,GABI,AOTW_Ponerinae_Occ_477,CRI,valid
Hypoponera_parva,10.23617,-84.11767,Costa Rica,GABI,AOTW_Ponerinae_Occ_478,CRI,valid
Hypoponera_parva,10.23617,-84.11767,Costa Rica,GABI,AOTW_Ponerinae_Occ_479,CRI,valid
Hypoponera_parva,10.23617,-84.11767,Costa Rica,GABI,AOTW_Ponerinae_Occ_480,CRI,valid
Hypoponera_parva,10.23617,-84.11767,Costa Rica,GABI,AOTW_Ponerinae_Occ_481,CRI,valid
Hypoponera_parva,10.23617,-84.11767,Costa Rica,GABI,AOTW_Ponerinae_Occ_482,CRI,valid
Hypoponera_parva,10.35,-84.05,Costa Rica,GABI,AOTW_Ponerinae_Occ_483,CRI,valid
Hypoponera_parva,10.33333,-84.06667,Costa Rica,GABI,AOTW_Ponerinae_Occ_484,CRI,valid
Leptogenys_imperatrix,10.93008,-85.47042,Costa Rica,GABI,AOTW_Ponerinae_Occ_485,CRI,valid
Leptogenys_punctaticeps,10.33333,-84.06667,Costa Rica,GABI,AOTW_Ponerinae_Occ_486,CRI,valid
Mayaponera_constricta,10.59427,-83.71651,Costa Rica,GABI,AOTW_Ponerinae_Occ_487,CRI,valid
Mayaponera_constricta,10.59427,-83.71651,Costa Rica,GABI,AOTW_Ponerinae_Occ_488,CRI,valid
Mayaponera_constricta,10.59427,-83.71651,Costa Rica,GABI,AOTW_Ponerinae_Occ_489,CRI,valid
Platythyrea_pilosula,10.35,-84.05,Costa Rica,GABI,AOTW_Ponerinae_Occ_490,CRI,valid
Platythyrea_punctata,10.16822,-85.37366,Costa Rica,GABI,AOTW_Ponerinae_Occ_491,CRI,valid
Platythyrea_punctata,10.35,-84.05,Costa Rica,GABI,AOTW_Ponerinae_Occ_492,CRI,valid
Pseudoponera_stigma,8.6791,-83.56671,Costa Rica,GABI,AOTW_Ponerinae_Occ_493,CRI,valid
Pseudoponera_cognata,10.33333,-84.06667,Costa Rica,GABI,AOTW_Ponerinae_Occ_494,CRI,valid
Pseudoponera_cognata,10.33333,-84.06667,Costa Rica,GABI,AOTW_Ponerinae_Occ_495,CRI,valid
Pseudoponera_gilloglyi,10.35,-84.05,Costa Rica,GABI,AOTW_Ponerinae_Occ_496,CRI,valid
Pseudoponera_stigma,9.76745,-84.60812,Costa Rica,GABI,AOTW_Ponerinae_Occ_497,CRI,valid
Pseudoponera_stigma,9.38773,-84.13281,Costa Rica,GABI,AOTW_Ponerinae_Occ_498,CRI,valid
Pseudoponera_stigma,8.70972,-83.87361,Costa Rica,GABI,AOTW_Ponerinae_Occ_499,CRI,valid
Pseudoponera_stigma,10.35,-84.05,Costa Rica,GABI,AOTW_Ponerinae_Occ_500,CRI,valid
Pseudoponera_succedanea,8.6791,-83.56671,Costa Rica,GABI,AOTW_Ponerinae_Occ_501,CRI,valid
Pseudoponera_succedanea,9.76258,-83.78651,Costa Rica,GABI,AOTW_Ponerinae_Occ_502,CRI,valid
Simopelta_andersoni,10.28333,-84.08333,Costa Rica,GABI,AOTW_Ponerinae_Occ_503,CRI,valid
Simopelta_longinoda,10.23617,-84.11767,Costa Rica,GABI,AOTW_Ponerinae_Occ_504,CRI,valid
Simopelta_oculata,10.23617,-84.11767,Costa Rica,GABI,AOTW_Ponerinae_Occ_505,CRI,valid
Neoponera_aenescens,8.6791,-83.56671,Costa Rica,GABI,AOTW_Ponerinae_Occ_506,CRI,valid
Neoponera_moesta,-19.9167,-40.6,Brazil,GABI,AOTW_Ponerinae_Occ_507,BRA,valid
Odontomachus_chelifer,-19.9167,-40.6,Brazil,GABI,AOTW_Ponerinae_Occ_508,BRA,valid
Odontomachus_chelifer,-19.9167,-40.6,Brazil,GABI,AOTW_Ponerinae_Occ_509,BRA,valid
Neoponera_marginata,-11.55,-47.3167,Brazil,GABI,AOTW_Ponerinae_Occ_510,BRA,valid
Mayaponera_constricta,6.355,-58.6114,Guyana,GABI,AOTW_Ponerinae_Occ_511,GUY,valid
Pachycondyla_crassinoda,6.355,-58.6114,Guyana,GABI,AOTW_Ponerinae_Occ_512,GUY,valid
Pachycondyla_crassinoda,6.355,-58.6114,Guyana,GABI,AOTW_Ponerinae_Occ_513,GUY,valid
Neoponera_aenescens,10.3043,-84.7962,Costa Rica,GABI,AOTW_Ponerinae_Occ_514,CRI,valid
Neoponera_aenescens,8.6791,-83.56671,Costa Rica,GABI,AOTW_Ponerinae_Occ_515,CRI,valid
Neoponera_aenescens,8.6791,-83.56671,Costa Rica,GABI,AOTW_Ponerinae_Occ_516,CRI,valid
Neoponera_aenescens,9.76258,-83.78651,Costa Rica,GABI,AOTW_Ponerinae_Occ_517,CRI,valid
Neoponera_villosa,-22.8833,-42.0167,Brazil,GABI,AOTW_Ponerinae_Occ_518,BRA,valid
Neoponera_crenata,-22.7,-42.8833,Brazil,GABI,AOTW_Ponerinae_Occ_519,BRA,valid
Neoponera_villosa,-22.9,-43.2333,Brazil,GABI,AOTW_Ponerinae_Occ_520,BRA,valid
Pachycondyla_striata,-29.65,-51.4,Brazil,GABI,AOTW_Ponerinae_Occ_521,BRA,valid
Hypoponera_opaciceps,-29.65,-51.4,Brazil,GABI,AOTW_Ponerinae_Occ_522,BRA,valid
Neoponera_crenata,-29.55,-51.5667,Brazil,GABI,AOTW_Ponerinae_Occ_523,BRA,valid
Neoponera_marginata,-29.65,-51.4,Brazil,GABI,AOTW_Ponerinae_Occ_524,BRA,valid
Neoponera_moesta,-29.3667,-51.1333,Brazil,GABI,AOTW_Ponerinae_Occ_525,BRA,valid
Pachycondyla_striata,-29.3667,-51.1333,Brazil,GABI,AOTW_Ponerinae_Occ_526,BRA,valid
Mayaponera_constricta,-10.7481,-62.2158,Brazil,GABI,AOTW_Ponerinae_Occ_527,BRA,valid
Mayaponera_constricta,2.81972,-60.6733,Brazil,GABI,AOTW_Ponerinae_Occ_528,BRA,valid
Anochetus_mayri,-26.9333,-49.05,Brazil,GABI,AOTW_Ponerinae_Occ_529,BRA,valid
Neoponera_aenescens,9.76258,-83.78651,Costa Rica,GABI,AOTW_Ponerinae_Occ_530,CRI,valid
Neoponera_aenescens,9.74901,-83.78288,Costa Rica,GABI,AOTW_Ponerinae_Occ_531,CRI,valid
Neoponera_aenescens,9.38074,-83.47457,Costa Rica,GABI,AOTW_Ponerinae_Occ_532,CRI,valid
Neoponera_aenescens,9.38074,-83.47457,Costa Rica,GABI,AOTW_Ponerinae_Occ_533,CRI,valid
Neoponera_aenescens,9.38074,-83.47457,Costa Rica,GABI,AOTW_Ponerinae_Occ_534,CRI,valid
Neoponera_aenescens,10.20871,-84.09969,Costa Rica,GABI,AOTW_Ponerinae_Occ_535,CRI,valid
Neoponera_aenescens,9.38074,-83.47457,Costa Rica,GABI,AOTW_Ponerinae_Occ_536,CRI,valid
Ponera_pennsylvanica,45.87021,-82.54186,Canada,GABI,AOTW_Ponerinae_Occ_537,CAN,valid
Hypoponera_inexorata,25.27522,-80.30222,United States of America,GABI,AOTW_Ponerinae_Occ_538,USA,valid
Odontomachus_clarus,33.46694444,-111.7511111,United States of America,GABI,AOTW_Ponerinae_Occ_539,USA,valid
Neoponera_verenae,3.36917,-73.8681,Colombia,GABI,AOTW_Ponerinae_Occ_540,COL,valid
Neoponera_verenae,3.36917,-73.8681,Colombia,GABI,AOTW_Ponerinae_Occ_541,COL,valid
Odontomachus_haematodus,3.46361,-73.6228,Colombia,GABI,AOTW_Ponerinae_Occ_542,COL,valid
Pachycondyla_crassinoda,4.15472,-73.6419,Colombia,GABI,AOTW_Ponerinae_Occ_543,COL,valid
Pachycondyla_crassinoda,4.15472,-73.6419,Colombia,GABI,AOTW_Ponerinae_Occ_544,COL,valid
Ponera_pennsylvanica,38.48333,-78.33333,United States of America,GABI,AOTW_Ponerinae_Occ_545,USA,valid
Odontomachus_clarus,30.4936,-99.76135,United States of America,GABI,AOTW_Ponerinae_Occ_546,USA,valid
Odontomachus_clarus,30.625725,-104.097378,United States of America,GABI,AOTW_Ponerinae_Occ_547,USA,valid
Odontomachus_clarus,29.43242,-104.02405,United States of America,GABI,AOTW_Ponerinae_Occ_548,USA,valid
Ponera_pennsylvanica,41.37183611,-73.44995833,United States of America,GABI,AOTW_Ponerinae_Occ_549,USA,valid
Odontomachus_clarus,31.88916667,-109.2075,United States of America,GABI,AOTW_Ponerinae_Occ_550,USA,valid
Ponera_pennsylvanica,39.13333,-79.21667,United States of America,GABI,AOTW_Ponerinae_Occ_551,USA,valid
Neoponera_aenescens,10.23617,-84.11767,Costa Rica,GABI,AOTW_Ponerinae_Occ_552,CRI,valid
Neoponera_commutata,3.93556,-76.68833,Colombia,GABI,AOTW_Ponerinae_Occ_553,COL,valid
Neoponera_apicalis,4.56667,-75.7,Colombia,GABI,AOTW_Ponerinae_Occ_554,COL,valid
Neoponera_commutata,3.93556,-76.68833,Colombia,GABI,AOTW_Ponerinae_Occ_555,COL,valid
Neoponera_commutata,3.93556,-76.68833,Colombia,GABI,AOTW_Ponerinae_Occ_556,COL,valid
Neoponera_crenata,4.53333,-75.7,Colombia,GABI,AOTW_Ponerinae_Occ_557,COL,valid
Neoponera_obscuricornis,3.93556,-76.68833,Colombia,GABI,AOTW_Ponerinae_Occ_558,COL,valid
Neoponera_obscuricornis,3.93556,-76.68833,Colombia,GABI,AOTW_Ponerinae_Occ_559,COL,valid
Neoponera_obscuricornis,4.56667,-75.7,Colombia,GABI,AOTW_Ponerinae_Occ_560,COL,valid
Neoponera_unidentata,3.93556,-76.68833,Colombia,GABI,AOTW_Ponerinae_Occ_561,COL,valid
Neoponera_unidentata,3.93556,-76.68833,Colombia,GABI,AOTW_Ponerinae_Occ_562,COL,valid
Odontomachus_clarus,31.88916667,-109.2075,United States of America,GABI,AOTW_Ponerinae_Occ_563,USA,valid
Neoponera_unidentata,4.56667,-75.7,Colombia,GABI,AOTW_Ponerinae_Occ_564,COL,valid
Neoponera_villosa,3.56667,-75.7,Colombia,GABI,AOTW_Ponerinae_Occ_565,COL,valid
Odontomachus_bauri,2.96944,-78.18472,Colombia,GABI,AOTW_Ponerinae_Occ_566,COL,valid
Odontomachus_bauri,2.96944,-78.18472,Colombia,GABI,AOTW_Ponerinae_Occ_567,COL,valid
Pachycondyla_crassinoda,3.93556,-76.68833,Colombia,GABI,AOTW_Ponerinae_Occ_568,COL,valid
Odontomachus_bradleyi,3.93556,-76.68833,Colombia,GABI,AOTW_Ponerinae_Occ_569,COL,valid
Odontomachus_bradleyi,4.56667,-75.7,Colombia,GABI,AOTW_Ponerinae_Occ_570,COL,valid
Odontomachus_bradleyi,4.56667,-75.7,Colombia,GABI,AOTW_Ponerinae_Occ_571,COL,valid
Odontomachus_bradleyi,4.56667,-75.7,Colombia,GABI,AOTW_Ponerinae_Occ_572,COL,valid
Odontomachus_erythrocephalus,5,-74.34,Colombia,GABI,AOTW_Ponerinae_Occ_573,COL,valid
Odontomachus_hastatus,3.93556,-76.68833,Colombia,GABI,AOTW_Ponerinae_Occ_574,COL,valid
Odontomachus_hastatus,3.93556,-76.68833,Colombia,GABI,AOTW_Ponerinae_Occ_575,COL,valid
Odontomachus_hastatus,3.93556,-76.68833,Colombia,GABI,AOTW_Ponerinae_Occ_576,COL,valid
Odontomachus_opaciventris,3.93556,-76.68833,Colombia,GABI,AOTW_Ponerinae_Occ_577,COL,valid
Pachycondyla_crassinoda,3.93556,-76.68833,Colombia,GABI,AOTW_Ponerinae_Occ_578,COL,valid
Pachycondyla_harpax,29.77868,-98.48145,United States of America,GABI,AOTW_Ponerinae_Occ_579,USA,valid
Odontomachus_brunneus,27.333334,-82.53333,United States of America,GABI,AOTW_Ponerinae_Occ_580,USA,valid
Pachycondyla_crassinoda,3.93556,-76.68833,Colombia,GABI,AOTW_Ponerinae_Occ_581,COL,valid
Pachycondyla_harpax,3.93556,-76.68833,Colombia,GABI,AOTW_Ponerinae_Occ_582,COL,valid
Pachycondyla_harpax,3.93556,-76.68833,Colombia,GABI,AOTW_Ponerinae_Occ_583,COL,valid
Pachycondyla_impressa,2.00083,-76.7753,Colombia,GABI,AOTW_Ponerinae_Occ_584,COL,valid
Pachycondyla_impressa,2.00083,-76.7753,Colombia,GABI,AOTW_Ponerinae_Occ_585,COL,valid
Pachycondyla_impressa,4.56667,-75.7,Colombia,GABI,AOTW_Ponerinae_Occ_586,COL,valid
Pachycondyla_impressa,4.56667,-75.7,Colombia,GABI,AOTW_Ponerinae_Occ_587,COL,valid
Odontomachus_clarus,29.23848,-100.26672,United States of America,GABI,AOTW_Ponerinae_Occ_588,USA,valid
Odontomachus_brunneus,29.08333,-82.16667,United States of America,GABI,AOTW_Ponerinae_Occ_589,USA,valid
Leptogenys_elongata,32.12911,-100.12939,United States of America,GABI,AOTW_Ponerinae_Occ_590,USA,valid
Leptogenys_elongata,30.3634,-98.86597,United States of America,GABI,AOTW_Ponerinae_Occ_591,USA,valid
Odontomachus_clarus,33.46694444,-111.7511111,United States of America,GABI,AOTW_Ponerinae_Occ_592,USA,valid
Odontomachus_brunneus,27.18333,-81.35,United States of America,GABI,AOTW_Ponerinae_Occ_593,USA,valid
Leptogenys_elongata,29.97873,-99.10217,United States of America,GABI,AOTW_Ponerinae_Occ_594,USA,valid
Hypoponera_inexorata,30.94464,-103.27972,United States of America,GABI,AOTW_Ponerinae_Occ_595,USA,valid
Pachycondyla_harpax,29.80252,-101.28845,United States of America,GABI,AOTW_Ponerinae_Occ_596,USA,valid
Odontomachus_clarus,30.20444,-99.42627,United States of America,GABI,AOTW_Ponerinae_Occ_597,USA,valid
Odontomachus_clarus,30.47708,-99.75037,United States of America,GABI,AOTW_Ponerinae_Occ_598,USA,valid
Neoponera_apicalis,1.3,-78.0833,Colombia,GABI,AOTW_Ponerinae_Occ_599,COL,valid
Neoponera_apicalis,1.3,-78.0833,Colombia,GABI,AOTW_Ponerinae_Occ_600,COL,valid
Neoponera_apicalis,1.3,-78.0833,Colombia,GABI,AOTW_Ponerinae_Occ_601,COL,valid
Neoponera_carbonaria,1.27778,-78.10139,Colombia,GABI,AOTW_Ponerinae_Occ_602,COL,valid
Neoponera_carbonaria,1.27778,-78.10139,Colombia,GABI,AOTW_Ponerinae_Occ_603,COL,valid
Neoponera_carbonaria,1.27778,-78.10139,Colombia,GABI,AOTW_Ponerinae_Occ_604,COL,valid
Neoponera_carinulata,1.27778,-78.10139,Colombia,GABI,AOTW_Ponerinae_Occ_605,COL,valid
Neoponera_carinulata,1.27778,-78.10139,Colombia,GABI,AOTW_Ponerinae_Occ_606,COL,valid
Neoponera_fauveli,1.27778,-78.10139,Colombia,GABI,AOTW_Ponerinae_Occ_607,COL,valid
Neoponera_obscuricornis,1.27778,-78.10139,Colombia,GABI,AOTW_Ponerinae_Occ_608,COL,valid
Neoponera_obscuricornis,1.27778,-78.10139,Colombia,GABI,AOTW_Ponerinae_Occ_609,COL,valid
Neoponera_unidentata,1.27778,-78.10139,Colombia,GABI,AOTW_Ponerinae_Occ_610,COL,valid
Neoponera_unidentata,1.27778,-78.10139,Colombia,GABI,AOTW_Ponerinae_Occ_611,COL,valid
Odontomachus_bauri,1.27778,-78.10139,Colombia,GABI,AOTW_Ponerinae_Occ_612,COL,valid
Odontomachus_bauri,1.27778,-78.10139,Colombia,GABI,AOTW_Ponerinae_Occ_613,COL,valid
Odontomachus_biumbonatus,10.8,-73.65,Colombia,GABI,AOTW_Ponerinae_Occ_614,COL,valid
Odontomachus_erythrocephalus,1.27778,-78.10139,Colombia,GABI,AOTW_Ponerinae_Occ_615,COL,valid
Ponera_pennsylvanica,41.98968056,-71.788275,United States of America,GABI,AOTW_Ponerinae_Occ_616,USA,valid
Anochetus_diegensis,3.78333,-76.73333,Colombia,GABI,AOTW_Ponerinae_Occ_617,COL,valid
Odontomachus_clarus,30.47235,-100.81055,United States of America,GABI,AOTW_Ponerinae_Occ_618,USA,valid
Ponera_pennsylvanica,38.525,-89.1329,United States of America,GABI,AOTW_Ponerinae_Occ_619,USA,valid
Ponera_pennsylvanica,40.1106,-88.2072,United States of America,GABI,AOTW_Ponerinae_Occ_620,USA,valid
Ponera_pennsylvanica,39.48814,-88.11327,United States of America,GABI,AOTW_Ponerinae_Occ_621,USA,valid
Ponera_pennsylvanica,40.13111,-87.69444,United States of America,GABI,AOTW_Ponerinae_Occ_622,USA,valid
Ponera_pennsylvanica,37.71833,-89.48583,United States of America,GABI,AOTW_Ponerinae_Occ_623,USA,valid
Ponera_pennsylvanica,42.17,-88.29,United States of America,GABI,AOTW_Ponerinae_Occ_624,USA,valid
Ponera_pennsylvanica,40.11056,-88.20722,United States of America,GABI,AOTW_Ponerinae_Occ_625,USA,valid
Ponera_pennsylvanica,47.83995,-92.0962,United States of America,GABI,AOTW_Ponerinae_Occ_626,USA,valid
Ponera_pennsylvanica,40.144,-88.165,United States of America,GABI,AOTW_Ponerinae_Occ_627,USA,valid
Ponera_pennsylvanica,40.49156,-89.01345,United States of America,GABI,AOTW_Ponerinae_Occ_628,USA,valid
Ponera_pennsylvanica,40.11056,-88.20722,United States of America,GABI,AOTW_Ponerinae_Occ_629,USA,valid
Ponera_pennsylvanica,37.62639,-89.49778,United States of America,GABI,AOTW_Ponerinae_Occ_630,USA,valid
Anochetus_vallensis,3.6,-76.06667,Colombia,GABI,AOTW_Ponerinae_Occ_631,COL,valid
Anochetus_vallensis,3.6,-76.06667,Colombia,GABI,AOTW_Ponerinae_Occ_632,COL,valid
Anochetus_vallensis,3.6,-76.06667,Colombia,GABI,AOTW_Ponerinae_Occ_633,COL,valid
Anochetus_vallensis,3.6,-76.06667,Colombia,GABI,AOTW_Ponerinae_Occ_634,COL,valid
Neoponera_villosa,25.9014,-97.4972,United States of America,GABI,AOTW_Ponerinae_Occ_635,USA,valid
Neoponera_villosa,26.1167,-97.5167,United States of America,GABI,AOTW_Ponerinae_Occ_636,USA,valid
Neoponera_villosa,25.9014,-97.4972,United States of America,GABI,AOTW_Ponerinae_Occ_637,USA,valid
Neoponera_villosa,26.3333,-98.2,United States of America,GABI,AOTW_Ponerinae_Occ_638,USA,valid
Cryptopone_gilva,33.825,-88.5436,United States of America,GABI,AOTW_Ponerinae_Occ_639,USA,valid
Cryptopone_gilva,33.825,-88.5436,United States of America,GABI,AOTW_Ponerinae_Occ_640,USA,valid
Cryptopone_gilva,33.825,-88.5436,United States of America,GABI,AOTW_Ponerinae_Occ_641,USA,valid
Ponera_pennsylvanica,36.5994,-83.6686,United States of America,GABI,AOTW_Ponerinae_Occ_642,USA,valid
Ponera_pennsylvanica,41.48,-82.6825,United States of America,GABI,AOTW_Ponerinae_Occ_643,USA,valid
Ponera_pennsylvanica,41.48,-82.6825,United States of America,GABI,AOTW_Ponerinae_Occ_644,USA,valid
Ponera_pennsylvanica,41.48,-82.6825,United States of America,GABI,AOTW_Ponerinae_Occ_645,USA,valid
Leptogenys_elongata,29.58,-95.77,United States of America,GABI,AOTW_Ponerinae_Occ_646,USA,valid
Leptogenys_elongata,29.58,-95.77,United States of America,GABI,AOTW_Ponerinae_Occ_647,USA,valid
Odontomachus_brunneus,26.76,-81.44,United States of America,GABI,AOTW_Ponerinae_Occ_648,USA,valid
Odontomachus_brunneus,28.55,-82.39,United States of America,GABI,AOTW_Ponerinae_Occ_649,USA,valid
Ponera_pennsylvanica,39.2167,-83.915,United States of America,GABI,AOTW_Ponerinae_Occ_650,USA,valid
Ponera_pennsylvanica,39.9936,-81.7342,United States of America,GABI,AOTW_Ponerinae_Occ_651,USA,valid
Neoponera_aenescens,10.23617,-84.11767,Costa Rica,GABI,AOTW_Ponerinae_Occ_652,CRI,valid
Odontomachus_clarus,33.31833333,-111.0502778,United States of America,GABI,AOTW_Ponerinae_Occ_653,USA,valid
Mayaponera_constricta,4.16667,-77.25,Colombia,GABI,AOTW_Ponerinae_Occ_654,COL,valid
Mayaponera_constricta,4.33333,-76.06667,Colombia,GABI,AOTW_Ponerinae_Occ_655,COL,valid
Mayaponera_constricta,4.33333,-76.06667,Colombia,GABI,AOTW_Ponerinae_Occ_656,COL,valid
Mayaponera_constricta,4.33333,-76.06667,Colombia,GABI,AOTW_Ponerinae_Occ_657,COL,valid
Mayaponera_constricta,4.33333,-76.06667,Colombia,GABI,AOTW_Ponerinae_Occ_658,COL,valid
Mayaponera_constricta,4.33333,-76.06667,Colombia,GABI,AOTW_Ponerinae_Occ_659,COL,valid
Mayaponera_constricta,4.33333,-76.06667,Colombia,GABI,AOTW_Ponerinae_Occ_660,COL,valid
Mayaponera_constricta,4.33333,-76.06667,Colombia,GABI,AOTW_Ponerinae_Occ_661,COL,valid
Mayaponera_constricta,4.33333,-76.06667,Colombia,GABI,AOTW_Ponerinae_Occ_662,COL,valid
Mayaponera_constricta,3.83333,-76.3,Colombia,GABI,AOTW_Ponerinae_Occ_663,COL,valid
Mayaponera_constricta,3.5375,-76.52278,Colombia,GABI,AOTW_Ponerinae_Occ_664,COL,valid
Neoponera_aenescens,3.6,-76.06667,Colombia,GABI,AOTW_Ponerinae_Occ_665,COL,valid
Neoponera_aenescens,3.6,-76.06667,Colombia,GABI,AOTW_Ponerinae_Occ_666,COL,valid
Neoponera_aenescens,3.6,-76.06667,Colombia,GABI,AOTW_Ponerinae_Occ_667,COL,valid
Neoponera_apicalis,4.33333,-76.06667,Colombia,GABI,AOTW_Ponerinae_Occ_668,COL,valid
Neoponera_apicalis,4.33333,-76.06667,Colombia,GABI,AOTW_Ponerinae_Occ_669,COL,valid
Neoponera_apicalis,4.33333,-76.06667,Colombia,GABI,AOTW_Ponerinae_Occ_670,COL,valid
Neoponera_apicalis,3.89333,-77.07,Colombia,GABI,AOTW_Ponerinae_Occ_671,COL,valid
Neoponera_bugabensis,3.7,-76.96667,Colombia,GABI,AOTW_Ponerinae_Occ_672,COL,valid
Neoponera_obscuricornis,3.81667,-76.31667,Colombia,GABI,AOTW_Ponerinae_Occ_673,COL,valid
Neoponera_carbonaria,3.43333,-76.66667,Colombia,GABI,AOTW_Ponerinae_Occ_674,COL,valid
Neoponera_chyzeri,3.61667,-76.88333,Colombia,GABI,AOTW_Ponerinae_Occ_675,COL,valid
Neoponera_crenata,3.6,-76.06667,Colombia,GABI,AOTW_Ponerinae_Occ_676,COL,valid
Neoponera_crenata,3.6,-76.06667,Colombia,GABI,AOTW_Ponerinae_Occ_677,COL,valid
Neoponera_crenata,3.6,-76.06667,Colombia,GABI,AOTW_Ponerinae_Occ_678,COL,valid
Neoponera_crenata,3.85,-76.33333,Colombia,GABI,AOTW_Ponerinae_Occ_679,COL,valid
Neoponera_crenata,3.26667,-76.61667,Colombia,GABI,AOTW_Ponerinae_Occ_680,COL,valid
Neoponera_crenata,4.51667,-76.23333,Colombia,GABI,AOTW_Ponerinae_Occ_681,COL,valid
Neoponera_fauveli,3.43333,-76.66667,Colombia,GABI,AOTW_Ponerinae_Occ_682,COL,valid
Neoponera_fauveli,3.43333,-76.66667,Colombia,GABI,AOTW_Ponerinae_Occ_683,COL,valid
Neoponera_fauveli,3.43333,-76.66667,Colombia,GABI,AOTW_Ponerinae_Occ_684,COL,valid
Neoponera_holcotyle,3.6,-76.06667,Colombia,GABI,AOTW_Ponerinae_Occ_685,COL,valid
Neoponera_holcotyle,3.26667,-76.61667,Colombia,GABI,AOTW_Ponerinae_Occ_686,COL,valid
Neoponera_obscuricornis,3.83333,-76.3,Colombia,GABI,AOTW_Ponerinae_Occ_687,COL,valid
Neoponera_obscuricornis,3.83333,-76.3,Colombia,GABI,AOTW_Ponerinae_Occ_688,COL,valid
Neoponera_obscuricornis,3.83333,-76.3,Colombia,GABI,AOTW_Ponerinae_Occ_689,COL,valid
Odontomachus_bauri,4.16667,-77.25,Colombia,GABI,AOTW_Ponerinae_Occ_690,COL,valid
Odontomachus_bauri,4.16667,-77.25,Colombia,GABI,AOTW_Ponerinae_Occ_691,COL,valid
Odontomachus_bauri,3.28333,-76.48333,Colombia,GABI,AOTW_Ponerinae_Occ_692,COL,valid
Odontomachus_chelifer,3.83333,-76.3,Colombia,GABI,AOTW_Ponerinae_Occ_693,COL,valid
Odontomachus_chelifer,3.83333,-76.3,Colombia,GABI,AOTW_Ponerinae_Occ_694,COL,valid
Odontomachus_chelifer,3.83333,-76.3,Colombia,GABI,AOTW_Ponerinae_Occ_695,COL,valid
Odontomachus_chelifer,3.83333,-76.3,Colombia,GABI,AOTW_Ponerinae_Occ_696,COL,valid
Odontomachus_chelifer,3.83333,-76.3,Colombia,GABI,AOTW_Ponerinae_Occ_697,COL,valid
Odontomachus_erythrocephalus,4.56667,-75.23333,Colombia,GABI,AOTW_Ponerinae_Occ_698,COL,valid
Odontomachus_erythrocephalus,4.56667,-75.23333,Colombia,GABI,AOTW_Ponerinae_Occ_699,COL,valid
Odontomachus_erythrocephalus,3.7,-76.96667,Colombia,GABI,AOTW_Ponerinae_Occ_700,COL,valid
Odontomachus_erythrocephalus,3.8933,-77.07,Colombia,GABI,AOTW_Ponerinae_Occ_701,COL,valid
Odontomachus_hastatus,3.43333,-76.66667,Colombia,GABI,AOTW_Ponerinae_Occ_702,COL,valid
Pachycondyla_harpax,3.5375,-76.52278,Colombia,GABI,AOTW_Ponerinae_Occ_703,COL,valid
Pachycondyla_harpax,3.5375,-76.52278,Colombia,GABI,AOTW_Ponerinae_Occ_704,COL,valid
Pachycondyla_harpax,3.5375,-76.52278,Colombia,GABI,AOTW_Ponerinae_Occ_705,COL,valid
Pachycondyla_harpax,3.7,-76.96667,Colombia,GABI,AOTW_Ponerinae_Occ_706,COL,valid
Pachycondyla_impressa,3.26667,-76.61667,Colombia,GABI,AOTW_Ponerinae_Occ_707,COL,valid
Pachycondyla_impressa,4.51667,-76.23333,Colombia,GABI,AOTW_Ponerinae_Occ_708,COL,valid
Pachycondyla_impressa,4.51667,-76.23333,Colombia,GABI,AOTW_Ponerinae_Occ_709,COL,valid
Pachycondyla_impressa,4.51667,-76.23333,Colombia,GABI,AOTW_Ponerinae_Occ_710,COL,valid
Pachycondyla_impressa,4.51667,-76.23333,Colombia,GABI,AOTW_Ponerinae_Occ_711,COL,valid
Pachycondyla_impressa,4.51667,-76.23333,Colombia,GABI,AOTW_Ponerinae_Occ_712,COL,valid
Pachycondyla_impressa,3.7,-76.96667,Colombia,GABI,AOTW_Ponerinae_Occ_713,COL,valid
Pachycondyla_impressa,3.86361,-76.3858,Colombia,GABI,AOTW_Ponerinae_Occ_714,COL,valid
Pachycondyla_impressa,4.72903,-76.21351,Colombia,GABI,AOTW_Ponerinae_Occ_715,COL,valid
Pachycondyla_impressa,4.72903,-76.21351,Colombia,GABI,AOTW_Ponerinae_Occ_716,COL,valid
Pseudoponera_stigma,3.6,-76.06667,Colombia,GABI,AOTW_Ponerinae_Occ_717,COL,valid
Simopelta_williamsi,3.6,-76.06667,Colombia,GABI,AOTW_Ponerinae_Occ_718,COL,valid
Simopelta_williamsi,3.6,-76.06667,Colombia,GABI,AOTW_Ponerinae_Occ_719,COL,valid
Pachycondyla_striata,-25.9833,-53.75,Brazil,GABI,AOTW_Ponerinae_Occ_720,BRA,valid
Pachycondyla_striata,-25.9833,-53.75,Brazil,GABI,AOTW_Ponerinae_Occ_721,BRA,valid
Odontomachus_cephalotes,-9.915,144.05194,Australia,GABI,AOTW_Ponerinae_Occ_722,AUS,valid
Pachycondyla_crassinoda,-3.10194,-60.025,Brazil,GABI,AOTW_Ponerinae_Occ_723,BRA,valid
Odontomachus_haematodus,-3.10194,-60.025,Brazil,GABI,AOTW_Ponerinae_Occ_724,BRA,valid
Neoponera_verenae,-2.8997,-69.7444,Colombia,GABI,AOTW_Ponerinae_Occ_725,COL,valid
Odontomachus_meinerti,-2.8997,-69.7444,Colombia,GABI,AOTW_Ponerinae_Occ_726,COL,valid
Pachycondyla_harpax,-2.8997,-69.7444,Colombia,GABI,AOTW_Ponerinae_Occ_727,COL,valid
Pseudoponera_stigma,-1.983333,-61.75,Brazil,GABI,AOTW_Ponerinae_Occ_728,BRA,valid
Neoponera_carbonaria,1.06972,-76.7447,Colombia,GABI,AOTW_Ponerinae_Occ_729,COL,valid
Odontomachus_bradleyi,0.5,-77.2167,Colombia,GABI,AOTW_Ponerinae_Occ_730,COL,valid
Anochetus_mayri,-3.10194,-60.025,Brazil,GABI,AOTW_Ponerinae_Occ_731,BRA,valid
Neoponera_striatinodis,-2.916667,-59.983333,Brazil,GABI,AOTW_Ponerinae_Occ_732,BRA,valid
Neoponera_striatinodis,-2.916667,-59.983333,Brazil,GABI,AOTW_Ponerinae_Occ_733,BRA,valid
Neoponera_villosa,-3.10194,-60.025,Brazil,GABI,AOTW_Ponerinae_Occ_734,BRA,valid
Neoponera_villosa,-3.10194,-60.025,Brazil,GABI,AOTW_Ponerinae_Occ_735,BRA,valid
Dinoponera_quadriceps,-14.7856,-39.2803,Brazil,GABI,AOTW_Ponerinae_Occ_736,BRA,valid
Pseudoponera_stigma,-3.10194,-60.025,Brazil,GABI,AOTW_Ponerinae_Occ_737,BRA,valid
Dinoponera_quadriceps,-14.7856,-39.2803,Brazil,GABI,AOTW_Ponerinae_Occ_738,BRA,valid
Neoponera_unidentata,4.16667,-75.1,Colombia,GABI,AOTW_Ponerinae_Occ_739,COL,valid
Neoponera_verenae,6.045,-74.9967,Colombia,GABI,AOTW_Ponerinae_Occ_740,COL,valid
Odontomachus_erythrocephalus,5.6147,-75.46,Colombia,GABI,AOTW_Ponerinae_Occ_741,COL,valid
Odontomachus_erythrocephalus,5.6147,-75.46,Colombia,GABI,AOTW_Ponerinae_Occ_742,COL,valid
Neoponera_verenae,5.97833,-74.5897,Colombia,GABI,AOTW_Ponerinae_Occ_743,COL,valid
Odontomachus_bauri,5.2941,-72.7061,Colombia,GABI,AOTW_Ponerinae_Occ_744,COL,valid
Odontomachus_bauri,5.5897,-74.5897,Colombia,GABI,AOTW_Ponerinae_Occ_745,COL,valid
Odontomachus_erythrocephalus,5.94,-73.5169,Colombia,GABI,AOTW_Ponerinae_Occ_746,COL,valid
Odontomachus_erythrocephalus,5.94,-73.5169,Colombia,GABI,AOTW_Ponerinae_Occ_747,COL,valid
Odontomachus_erythrocephalus,5.94,-73.5169,Colombia,GABI,AOTW_Ponerinae_Occ_748,COL,valid
Pachycondyla_crassinoda,4.91667,-73.2667,Colombia,GABI,AOTW_Ponerinae_Occ_749,COL,valid
Pachycondyla_harpax,5.97833,-74.5897,Colombia,GABI,AOTW_Ponerinae_Occ_750,COL,valid
Pseudoponera_stigma,5.97833,-74.5897,Colombia,GABI,AOTW_Ponerinae_Occ_751,COL,valid
Pachycondyla_impressa,4.30306,-74.8011,Colombia,GABI,AOTW_Ponerinae_Occ_752,COL,valid
Neoponera_carbonaria,2.39417,-75.8947,Colombia,GABI,AOTW_Ponerinae_Occ_753,COL,valid
Dinoponera_quadriceps,-14.7856,-39.2803,Brazil,GABI,AOTW_Ponerinae_Occ_754,BRA,valid
Mayaponera_constricta,4.79217,-75.7311,Colombia,GABI,AOTW_Ponerinae_Occ_755,COL,valid
Mayaponera_constricta,4.79217,-75.7311,Colombia,GABI,AOTW_Ponerinae_Occ_756,COL,valid
Mayaponera_constricta,4.8575,-75.8803,Colombia,GABI,AOTW_Ponerinae_Occ_757,COL,valid
Odontomachus_chelifer,4.79217,-75.7311,Colombia,GABI,AOTW_Ponerinae_Occ_758,COL,valid
Odontomachus_erythrocephalus,5.13333,-75.95,Colombia,GABI,AOTW_Ponerinae_Occ_759,COL,valid
Neoponera_apicalis,4.16667,-75.1,Colombia,GABI,AOTW_Ponerinae_Occ_760,COL,valid
Neoponera_inversa,5.23833,-76.0364,Colombia,GABI,AOTW_Ponerinae_Occ_761,COL,valid
Neoponera_obscuricornis,4.79217,-75.7311,Colombia,GABI,AOTW_Ponerinae_Occ_762,COL,valid
Neoponera_theresiae,5.29944,-75.8869,Colombia,GABI,AOTW_Ponerinae_Occ_763,COL,valid
Neoponera_theresiae,5.29944,-75.8869,Colombia,GABI,AOTW_Ponerinae_Occ_764,COL,valid
Neoponera_theresiae,5.29944,-75.8869,Colombia,GABI,AOTW_Ponerinae_Occ_765,COL,valid
Neoponera_unidentata,4.79217,-75.7311,Colombia,GABI,AOTW_Ponerinae_Occ_766,COL,valid
Neoponera_unidentata,4.79217,-75.7311,Colombia,GABI,AOTW_Ponerinae_Occ_767,COL,valid
Neoponera_verenae,4.79217,-75.7311,Colombia,GABI,AOTW_Ponerinae_Occ_768,COL,valid
Neoponera_verenae,5.23833,-76.0364,Colombia,GABI,AOTW_Ponerinae_Occ_769,COL,valid
Neoponera_verenae,5.23833,-76.0364,Colombia,GABI,AOTW_Ponerinae_Occ_770,COL,valid
Neoponera_villosa,5.23833,-76.0364,Colombia,GABI,AOTW_Ponerinae_Occ_771,COL,valid
Odontomachus_bauri,4.79217,-75.7311,Colombia,GABI,AOTW_Ponerinae_Occ_772,COL,valid
Odontomachus_bauri,4.79217,-75.7311,Colombia,GABI,AOTW_Ponerinae_Occ_773,COL,valid
Odontomachus_bauri,4.79217,-75.7311,Colombia,GABI,AOTW_Ponerinae_Occ_774,COL,valid
Odontomachus_erythrocephalus,5.13333,-75.95,Colombia,GABI,AOTW_Ponerinae_Occ_775,COL,valid
Pachycondyla_harpax,5.23833,-76.0364,Colombia,GABI,AOTW_Ponerinae_Occ_776,COL,valid
Pachycondyla_impressa,4.79217,-75.7311,Colombia,GABI,AOTW_Ponerinae_Occ_777,COL,valid
Pachycondyla_impressa,4.16667,-75.1,Colombia,GABI,AOTW_Ponerinae_Occ_778,COL,valid
Pachycondyla_impressa,4.79217,-75.7311,Colombia,GABI,AOTW_Ponerinae_Occ_779,COL,valid
Pachycondyla_impressa,4.8575,-75.8803,Colombia,GABI,AOTW_Ponerinae_Occ_780,COL,valid
Pachycondyla_impressa,4.8575,-75.8803,Colombia,GABI,AOTW_Ponerinae_Occ_781,COL,valid
Pachycondyla_impressa,5.23833,-76.0364,Colombia,GABI,AOTW_Ponerinae_Occ_782,COL,valid
Pachycondyla_impressa,5.23833,-76.0364,Colombia,GABI,AOTW_Ponerinae_Occ_783,COL,valid
Pseudoponera_stigma,4.79217,-75.7311,Colombia,GABI,AOTW_Ponerinae_Occ_784,COL,valid
Pseudoponera_stigma,4.79217,-75.7311,Colombia,GABI,AOTW_Ponerinae_Occ_785,COL,valid
Pseudoponera_stigma,4.16667,-75.1,Colombia,GABI,AOTW_Ponerinae_Occ_786,COL,valid
Dinoponera_quadriceps,-14.7856,-39.2803,Brazil,GABI,AOTW_Ponerinae_Occ_787,BRA,valid
Odontomachus_erythrocephalus,6.9897,-73.0538,Colombia,GABI,AOTW_Ponerinae_Occ_788,COL,valid
Mayaponera_constricta,5.20111,-74.8964,Colombia,GABI,AOTW_Ponerinae_Occ_789,COL,valid
Odontomachus_erythrocephalus,4.06333,-74.6955,Colombia,GABI,AOTW_Ponerinae_Occ_790,COL,valid
Odontomachus_erythrocephalus,4.06333,-74.6955,Colombia,GABI,AOTW_Ponerinae_Occ_791,COL,valid
Odontomachus_erythrocephalus,4.06333,-74.6955,Colombia,GABI,AOTW_Ponerinae_Occ_792,COL,valid
Odontomachus_erythrocephalus,4.06,-74.7,Colombia,GABI,AOTW_Ponerinae_Occ_793,COL,valid
Odontomachus_erythrocephalus,4.06333,-74.6955,Colombia,GABI,AOTW_Ponerinae_Occ_794,COL,valid
Odontomachus_erythrocephalus,4.06333,-74.6955,Colombia,GABI,AOTW_Ponerinae_Occ_795,COL,valid
Odontomachus_erythrocephalus,4.06333,-74.6955,Colombia,GABI,AOTW_Ponerinae_Occ_796,COL,valid
Odontomachus_erythrocephalus,4.06333,-74.6955,Colombia,GABI,AOTW_Ponerinae_Occ_797,COL,valid
Odontomachus_erythrocephalus,4.06,-74.7,Colombia,GABI,AOTW_Ponerinae_Occ_798,COL,valid
Odontomachus_erythrocephalus,4.06333,-74.6955,Colombia,GABI,AOTW_Ponerinae_Occ_799,COL,valid
Odontomachus_erythrocephalus,4.06333,-74.6955,Colombia,GABI,AOTW_Ponerinae_Occ_800,COL,valid
Odontomachus_erythrocephalus,4.06333,-74.6955,Colombia,GABI,AOTW_Ponerinae_Occ_801,COL,valid
Odontomachus_opaciventris,4.1802,-74.5362,Colombia,GABI,AOTW_Ponerinae_Occ_802,COL,valid
Platythyrea_pilosula,4.18028,-74.5361,Colombia,GABI,AOTW_Ponerinae_Occ_803,COL,valid
Dinoponera_quadriceps,-14.7856,-39.2803,Brazil,GABI,AOTW_Ponerinae_Occ_804,BRA,valid
Dinoponera_quadriceps,-14.7856,-39.2803,Brazil,GABI,AOTW_Ponerinae_Occ_805,BRA,valid
Neoponera_aenescens,10.3043,-84.7962,Costa Rica,GABI,AOTW_Ponerinae_Occ_806,CRI,valid
Anochetus_altisquamis,-22.5108,-43.1844,Brazil,GABI,AOTW_Ponerinae_Occ_807,BRA,valid
Hypoponera_schmalzi,-22.5108,-43.1844,Brazil,GABI,AOTW_Ponerinae_Occ_808,BRA,valid
Hypoponera_schmalzi,-22.5108,-43.1844,Brazil,GABI,AOTW_Ponerinae_Occ_809,BRA,valid
Hypoponera_trigona,-22.5108,-43.1844,Brazil,GABI,AOTW_Ponerinae_Occ_810,BRA,valid
Hypoponera_trigona,-22.5108,-43.1844,Brazil,GABI,AOTW_Ponerinae_Occ_811,BRA,valid
Hypoponera_trigona,-22.5108,-43.1844,Brazil,GABI,AOTW_Ponerinae_Occ_812,BRA,valid
Leptogenys_australis,-22.5108,-43.1844,Brazil,GABI,AOTW_Ponerinae_Occ_813,BRA,valid
Leptogenys_crudelis,-22.5108,-43.1844,Brazil,GABI,AOTW_Ponerinae_Occ_814,BRA,valid
Neoponera_villosa,-22.9,-43.2333,Brazil,GABI,AOTW_Ponerinae_Occ_815,BRA,valid
Odontomachus_affinis,-22.5108,-43.1844,Brazil,GABI,AOTW_Ponerinae_Occ_816,BRA,valid
Odontomachus_haematodus,-22.7,-42.8833,Brazil,GABI,AOTW_Ponerinae_Occ_817,BRA,valid
Odontomachus_haematodus,-0.1333,-67.0833,Brazil,GABI,AOTW_Ponerinae_Occ_818,BRA,valid
Pachycondyla_striata,-22.5108,-43.1844,Brazil,GABI,AOTW_Ponerinae_Occ_819,BRA,valid
Pachycondyla_striata,-22.9,-43.2333,Brazil,GABI,AOTW_Ponerinae_Occ_820,BRA,valid
Pachycondyla_striata,-22.5108,-43.1844,Brazil,GABI,AOTW_Ponerinae_Occ_821,BRA,valid
Anochetus_altisquamis,-29.65,-51.4,Brazil,GABI,AOTW_Ponerinae_Occ_822,BRA,valid
Anochetus_mayri,-29.65,-51.4,Brazil,GABI,AOTW_Ponerinae_Occ_823,BRA,valid
Anochetus_mayri,-29.65,-51.4,Brazil,GABI,AOTW_Ponerinae_Occ_824,BRA,valid
Dinoponera_gigantea,-29.65,-51.4,Brazil,GABI,AOTW_Ponerinae_Occ_825,BRA,valid
Dinoponera_gigantea,-27.9167,-53.2833,Brazil,GABI,AOTW_Ponerinae_Occ_826,BRA,valid
Hypoponera_opaciceps,-29.65,-51.4,Brazil,GABI,AOTW_Ponerinae_Occ_827,BRA,valid
Hypoponera_opaciceps,-29.65,-51.4,Brazil,GABI,AOTW_Ponerinae_Occ_828,BRA,valid
Hypoponera_opaciceps,-29.65,-51.4,Brazil,GABI,AOTW_Ponerinae_Occ_829,BRA,valid
Hypoponera_opaciceps,-29.65,-51.4,Brazil,GABI,AOTW_Ponerinae_Occ_830,BRA,valid
Hypoponera_opaciceps,-29.65,-51.4,Brazil,GABI,AOTW_Ponerinae_Occ_831,BRA,valid
Hypoponera_opaciceps,-29.65,-51.4,Brazil,GABI,AOTW_Ponerinae_Occ_832,BRA,valid
Hypoponera_trigona,-29.65,-51.4,Brazil,GABI,AOTW_Ponerinae_Occ_833,BRA,valid
Hypoponera_trigona,-29.65,-51.4,Brazil,GABI,AOTW_Ponerinae_Occ_834,BRA,valid
Leptogenys_australis,-29.65,-51.4,Brazil,GABI,AOTW_Ponerinae_Occ_835,BRA,valid
Neoponera_bucki,-30.0333,-51.2,Brazil,GABI,AOTW_Ponerinae_Occ_836,BRA,valid
Neoponera_bucki,-30.0333,-51.2,Brazil,GABI,AOTW_Ponerinae_Occ_837,BRA,valid
Neoponera_crenata,-29.65,-51.4,Brazil,GABI,AOTW_Ponerinae_Occ_838,BRA,valid
Neoponera_crenata,-29.3667,-51.1333,Brazil,GABI,AOTW_Ponerinae_Occ_839,BRA,valid
Neoponera_crenata,-30.0333,-51.2,Brazil,GABI,AOTW_Ponerinae_Occ_840,BRA,valid
Neoponera_crenata,-30.0333,-51.2,Brazil,GABI,AOTW_Ponerinae_Occ_841,BRA,valid
Odontomachus_chelifer,-30.0333,-51.2,Brazil,GABI,AOTW_Ponerinae_Occ_842,BRA,valid
Neoponera_aenescens,10.29843,-84.79254,Costa Rica,GABI,AOTW_Ponerinae_Occ_843,CRI,valid
Neoponera_aenescens,10.29843,-84.79254,Costa Rica,GABI,AOTW_Ponerinae_Occ_844,CRI,valid
Neoponera_aenescens,10.29843,-84.79254,Costa Rica,GABI,AOTW_Ponerinae_Occ_845,CRI,valid
Neoponera_aenescens,10.29843,-84.79254,Costa Rica,GABI,AOTW_Ponerinae_Occ_846,CRI,valid
Neoponera_aenescens,10.29843,-84.79254,Costa Rica,GABI,AOTW_Ponerinae_Occ_847,CRI,valid
Neoponera_aenescens,10.29843,-84.79254,Costa Rica,GABI,AOTW_Ponerinae_Occ_848,CRI,valid
Neoponera_aenescens,9.76258,-83.78833,Costa Rica,GABI,AOTW_Ponerinae_Occ_849,CRI,valid
Neoponera_aenescens,9.76258,-83.78833,Costa Rica,GABI,AOTW_Ponerinae_Occ_850,CRI,valid
Neoponera_aenescens,9.76258,-83.78833,Costa Rica,GABI,AOTW_Ponerinae_Occ_851,CRI,valid
Neoponera_aenescens,10.97855,-85.44407,Costa Rica,GABI,AOTW_Ponerinae_Occ_852,CRI,valid
Neoponera_aenescens,10.93008,-85.47042,Costa Rica,GABI,AOTW_Ponerinae_Occ_853,CRI,valid
Neoponera_aenescens,10.23617,-84.11767,Costa Rica,GABI,AOTW_Ponerinae_Occ_854,CRI,valid
Neoponera_aenescens,10.23617,-84.11767,Costa Rica,GABI,AOTW_Ponerinae_Occ_855,CRI,valid
Neoponera_aenescens,10.23617,-84.11767,Costa Rica,GABI,AOTW_Ponerinae_Occ_856,CRI,valid
Neoponera_aenescens,10.23617,-84.11767,Costa Rica,GABI,AOTW_Ponerinae_Occ_857,CRI,valid
Neoponera_aenescens,10.23617,-84.11767,Costa Rica,GABI,AOTW_Ponerinae_Occ_858,CRI,valid
Neoponera_aenescens,10.23617,-84.11767,Costa Rica,GABI,AOTW_Ponerinae_Occ_859,CRI,valid
Neoponera_aenescens,10.23617,-84.11767,Costa Rica,GABI,AOTW_Ponerinae_Occ_860,CRI,valid
Neoponera_aenescens,10.23617,-84.11767,Costa Rica,GABI,AOTW_Ponerinae_Occ_861,CRI,valid
Neoponera_aenescens,10.23617,-84.11767,Costa Rica,GABI,AOTW_Ponerinae_Occ_862,CRI,valid
Neoponera_aenescens,10.23617,-84.11767,Costa Rica,GABI,AOTW_Ponerinae_Occ_863,CRI,valid
Neoponera_aenescens,10.23617,-84.11767,Costa Rica,GABI,AOTW_Ponerinae_Occ_864,CRI,valid
Neoponera_aenescens,10.23617,-84.11767,Costa Rica,GABI,AOTW_Ponerinae_Occ_865,CRI,valid
Neoponera_aenescens,10.23617,-84.11767,Costa Rica,GABI,AOTW_Ponerinae_Occ_866,CRI,valid
Neoponera_aenescens,10.23617,-84.11767,Costa Rica,GABI,AOTW_Ponerinae_Occ_867,CRI,valid
Neoponera_aenescens,10.23617,-84.11767,Costa Rica,GABI,AOTW_Ponerinae_Occ_868,CRI,valid
Neoponera_aenescens,10.23617,-84.11767,Costa Rica,GABI,AOTW_Ponerinae_Occ_869,CRI,valid
Neoponera_aenescens,10.23617,-84.11767,Costa Rica,GABI,AOTW_Ponerinae_Occ_870,CRI,valid
Neoponera_aenescens,10.23617,-84.11767,Costa Rica,GABI,AOTW_Ponerinae_Occ_871,CRI,valid
Neoponera_aenescens,10.23617,-84.11767,Costa Rica,GABI,AOTW_Ponerinae_Occ_872,CRI,valid
Neoponera_aenescens,10.23617,-84.11767,Costa Rica,GABI,AOTW_Ponerinae_Occ_873,CRI,valid
Neoponera_aenescens,10.23617,-84.11767,Costa Rica,GABI,AOTW_Ponerinae_Occ_874,CRI,valid
Neoponera_antecurvata,10.33333,-84.06667,Costa Rica,GABI,AOTW_Ponerinae_Occ_875,CRI,valid
Neoponera_antecurvata,10.33333,-84.06667,Costa Rica,GABI,AOTW_Ponerinae_Occ_876,CRI,valid
Neoponera_antecurvata,10.33333,-84.06667,Costa Rica,GABI,AOTW_Ponerinae_Occ_877,CRI,valid
Neoponera_apicalis,10.64405,-83.74201,Costa Rica,GABI,AOTW_Ponerinae_Occ_878,CRI,valid
Neoponera_apicalis,11.03386,-85.52479,Costa Rica,GABI,AOTW_Ponerinae_Occ_879,CRI,valid
Neoponera_apicalis,11.03386,-85.52479,Costa Rica,GABI,AOTW_Ponerinae_Occ_880,CRI,valid
Neoponera_apicalis,9.76745,-84.60812,Costa Rica,GABI,AOTW_Ponerinae_Occ_881,CRI,valid
Neoponera_apicalis,10.14889,-83.95191,Costa Rica,GABI,AOTW_Ponerinae_Occ_882,CRI,valid
Neoponera_apicalis,10.14889,-83.95191,Costa Rica,GABI,AOTW_Ponerinae_Occ_883,CRI,valid
Neoponera_apicalis,10.83641,-85.61549,Costa Rica,GABI,AOTW_Ponerinae_Occ_884,CRI,valid
Neoponera_apicalis,10.83641,-85.61549,Costa Rica,GABI,AOTW_Ponerinae_Occ_885,CRI,valid
Neoponera_apicalis,10.83641,-85.61549,Costa Rica,GABI,AOTW_Ponerinae_Occ_886,CRI,valid
Neoponera_apicalis,8.48017,-83.59129,Costa Rica,GABI,AOTW_Ponerinae_Occ_887,CRI,valid
Neoponera_apicalis,8.48017,-83.59129,Costa Rica,GABI,AOTW_Ponerinae_Occ_888,CRI,valid
Neoponera_apicalis,8.48017,-83.59129,Costa Rica,GABI,AOTW_Ponerinae_Occ_889,CRI,valid
Neoponera_apicalis,8.48017,-83.59129,Costa Rica,GABI,AOTW_Ponerinae_Occ_890,CRI,valid
Neoponera_apicalis,8.48017,-83.59129,Costa Rica,GABI,AOTW_Ponerinae_Occ_891,CRI,valid
Neoponera_apicalis,8.48017,-83.59129,Costa Rica,GABI,AOTW_Ponerinae_Occ_892,CRI,valid
Neoponera_apicalis,8.48017,-83.59129,Costa Rica,GABI,AOTW_Ponerinae_Occ_893,CRI,valid
Neoponera_apicalis,8.48017,-83.59129,Costa Rica,GABI,AOTW_Ponerinae_Occ_894,CRI,valid
Neoponera_apicalis,10.99261,-85.42948,Costa Rica,GABI,AOTW_Ponerinae_Occ_895,CRI,valid
Neoponera_apicalis,8.48017,-83.59129,Costa Rica,GABI,AOTW_Ponerinae_Occ_896,CRI,valid
Neoponera_apicalis,8.48017,-83.59129,Costa Rica,GABI,AOTW_Ponerinae_Occ_897,CRI,valid
Neoponera_apicalis,9.76745,-84.60812,Costa Rica,GABI,AOTW_Ponerinae_Occ_898,CRI,valid
Neoponera_apicalis,9.51483,-82.95537,Costa Rica,GABI,AOTW_Ponerinae_Occ_899,CRI,valid
Neoponera_apicalis,8.89147,-82.79294,Costa Rica,GABI,AOTW_Ponerinae_Occ_900,CRI,valid
Neoponera_apicalis,9.58121,-85.1367,Costa Rica,GABI,AOTW_Ponerinae_Occ_901,CRI,valid
Neoponera_apicalis,9.58121,-85.1367,Costa Rica,GABI,AOTW_Ponerinae_Occ_902,CRI,valid
Neoponera_apicalis,9.58121,-85.1367,Costa Rica,GABI,AOTW_Ponerinae_Occ_903,CRI,valid
Neoponera_apicalis,10.32804,-84.08042,Costa Rica,GABI,AOTW_Ponerinae_Occ_904,CRI,valid
Neoponera_apicalis,10.32804,-84.08042,Costa Rica,GABI,AOTW_Ponerinae_Occ_905,CRI,valid
Neoponera_apicalis,10.32804,-84.08042,Costa Rica,GABI,AOTW_Ponerinae_Occ_906,CRI,valid
Neoponera_apicalis,10.32804,-84.08042,Costa Rica,GABI,AOTW_Ponerinae_Occ_907,CRI,valid
Neoponera_apicalis,10.32804,-84.08042,Costa Rica,GABI,AOTW_Ponerinae_Occ_908,CRI,valid
Neoponera_apicalis,10.34622,-83.40107,Costa Rica,GABI,AOTW_Ponerinae_Occ_909,CRI,valid
Neoponera_apicalis,11.0343,-85.52754,Costa Rica,GABI,AOTW_Ponerinae_Occ_910,CRI,valid
Neoponera_apicalis,10.99261,-85.42948,Costa Rica,GABI,AOTW_Ponerinae_Occ_911,CRI,valid
Neoponera_apicalis,10.99261,-85.42948,Costa Rica,GABI,AOTW_Ponerinae_Occ_912,CRI,valid
Neoponera_apicalis,10.99261,-85.42948,Costa Rica,GABI,AOTW_Ponerinae_Occ_913,CRI,valid
Neoponera_apicalis,10.99261,-85.42948,Costa Rica,GABI,AOTW_Ponerinae_Occ_914,CRI,valid
Neoponera_apicalis,10.99261,-85.42948,Costa Rica,GABI,AOTW_Ponerinae_Occ_915,CRI,valid
Neoponera_apicalis,10.99261,-85.42948,Costa Rica,GABI,AOTW_Ponerinae_Occ_916,CRI,valid
Neoponera_apicalis,10.99261,-85.42948,Costa Rica,GABI,AOTW_Ponerinae_Occ_917,CRI,valid
Neoponera_apicalis,10.99261,-85.42948,Costa Rica,GABI,AOTW_Ponerinae_Occ_918,CRI,valid
Neoponera_apicalis,10.99261,-85.42948,Costa Rica,GABI,AOTW_Ponerinae_Occ_919,CRI,valid
Neoponera_apicalis,10.99261,-85.42948,Costa Rica,GABI,AOTW_Ponerinae_Occ_920,CRI,valid
Neoponera_apicalis,10.99261,-85.42948,Costa Rica,GABI,AOTW_Ponerinae_Occ_921,CRI,valid
Neoponera_apicalis,10.99261,-85.42948,Costa Rica,GABI,AOTW_Ponerinae_Occ_922,CRI,valid
Neoponera_apicalis,10.99261,-85.42948,Costa Rica,GABI,AOTW_Ponerinae_Occ_923,CRI,valid
Neoponera_apicalis,10.99261,-85.42948,Costa Rica,GABI,AOTW_Ponerinae_Occ_924,CRI,valid
Neoponera_apicalis,10.99261,-85.42948,Costa Rica,GABI,AOTW_Ponerinae_Occ_925,CRI,valid
Neoponera_apicalis,10.99261,-85.42948,Costa Rica,GABI,AOTW_Ponerinae_Occ_926,CRI,valid
Neoponera_apicalis,10.99261,-85.42948,Costa Rica,GABI,AOTW_Ponerinae_Occ_927,CRI,valid
Neoponera_apicalis,10.99261,-85.42948,Costa Rica,GABI,AOTW_Ponerinae_Occ_928,CRI,valid
Neoponera_apicalis,10.99261,-85.42948,Costa Rica,GABI,AOTW_Ponerinae_Occ_929,CRI,valid
Neoponera_apicalis,10.99261,-85.42948,Costa Rica,GABI,AOTW_Ponerinae_Occ_930,CRI,valid
Neoponera_apicalis,10.99261,-85.42948,Costa Rica,GABI,AOTW_Ponerinae_Occ_931,CRI,valid
Neoponera_apicalis,10.99261,-85.42948,Costa Rica,GABI,AOTW_Ponerinae_Occ_932,CRI,valid
Neoponera_apicalis,10.99261,-85.42948,Costa Rica,GABI,AOTW_Ponerinae_Occ_933,CRI,valid
Neoponera_apicalis,10.99261,-85.42948,Costa Rica,GABI,AOTW_Ponerinae_Occ_934,CRI,valid
Neoponera_apicalis,10.99261,-85.42948,Costa Rica,GABI,AOTW_Ponerinae_Occ_935,CRI,valid
Neoponera_apicalis,10.99261,-85.42948,Costa Rica,GABI,AOTW_Ponerinae_Occ_936,CRI,valid
Neoponera_apicalis,10.99261,-85.42948,Costa Rica,GABI,AOTW_Ponerinae_Occ_937,CRI,valid
Neoponera_apicalis,10.99261,-85.42948,Costa Rica,GABI,AOTW_Ponerinae_Occ_938,CRI,valid
Neoponera_apicalis,10.99261,-85.42948,Costa Rica,GABI,AOTW_Ponerinae_Occ_939,CRI,valid
Neoponera_apicalis,10.99261,-85.42948,Costa Rica,GABI,AOTW_Ponerinae_Occ_940,CRI,valid
Dinoponera_mutica,-9.733333,-61.866667,Brazil,GABI,AOTW_Ponerinae_Occ_941,BRA,valid
Neoponera_apicalis,10.99261,-85.42948,Costa Rica,GABI,AOTW_Ponerinae_Occ_942,CRI,valid
Neoponera_apicalis,10.99261,-85.42948,Costa Rica,GABI,AOTW_Ponerinae_Occ_943,CRI,valid
Neoponera_apicalis,10.99261,-85.42948,Costa Rica,GABI,AOTW_Ponerinae_Occ_944,CRI,valid
Neoponera_apicalis,10.99261,-85.42948,Costa Rica,GABI,AOTW_Ponerinae_Occ_945,CRI,valid
Neoponera_apicalis,10.99261,-85.42948,Costa Rica,GABI,AOTW_Ponerinae_Occ_946,CRI,valid
Neoponera_apicalis,10.99261,-85.42948,Costa Rica,GABI,AOTW_Ponerinae_Occ_947,CRI,valid
Neoponera_apicalis,10.99261,-85.42948,Costa Rica,GABI,AOTW_Ponerinae_Occ_948,CRI,valid
Neoponera_apicalis,10.99261,-85.42948,Costa Rica,GABI,AOTW_Ponerinae_Occ_949,CRI,valid
Neoponera_apicalis,10.99261,-85.42948,Costa Rica,GABI,AOTW_Ponerinae_Occ_950,CRI,valid
Neoponera_apicalis,10.99261,-85.42948,Costa Rica,GABI,AOTW_Ponerinae_Occ_951,CRI,valid
Neoponera_apicalis,10.99261,-85.42948,Costa Rica,GABI,AOTW_Ponerinae_Occ_952,CRI,valid
Neoponera_apicalis,11.02246,-85.42592,Costa Rica,GABI,AOTW_Ponerinae_Occ_953,CRI,valid
Neoponera_apicalis,10.99261,-85.42948,Costa Rica,GABI,AOTW_Ponerinae_Occ_954,CRI,valid
Neoponera_apicalis,10.97855,-85.44407,Costa Rica,GABI,AOTW_Ponerinae_Occ_955,CRI,valid
Neoponera_apicalis,11.02246,-85.42592,Costa Rica,GABI,AOTW_Ponerinae_Occ_956,CRI,valid
Neoponera_apicalis,11.02246,-85.42592,Costa Rica,GABI,AOTW_Ponerinae_Occ_957,CRI,valid
Neoponera_apicalis,11.02246,-85.42592,Costa Rica,GABI,AOTW_Ponerinae_Occ_958,CRI,valid
Neoponera_apicalis,11.02246,-85.42592,Costa Rica,GABI,AOTW_Ponerinae_Occ_959,CRI,valid
Neoponera_apicalis,11.02246,-85.42592,Costa Rica,GABI,AOTW_Ponerinae_Occ_960,CRI,valid
Neoponera_apicalis,11.02246,-85.42592,Costa Rica,GABI,AOTW_Ponerinae_Occ_961,CRI,valid
Neoponera_apicalis,11.02246,-85.42592,Costa Rica,GABI,AOTW_Ponerinae_Occ_962,CRI,valid
Neoponera_apicalis,11.02246,-85.42592,Costa Rica,GABI,AOTW_Ponerinae_Occ_963,CRI,valid
Neoponera_apicalis,11.02246,-85.42592,Costa Rica,GABI,AOTW_Ponerinae_Occ_964,CRI,valid
Neoponera_apicalis,11.02246,-85.42592,Costa Rica,GABI,AOTW_Ponerinae_Occ_965,CRI,valid
Neoponera_apicalis,11.02246,-85.42592,Costa Rica,GABI,AOTW_Ponerinae_Occ_966,CRI,valid
Neoponera_apicalis,11.02246,-85.42592,Costa Rica,GABI,AOTW_Ponerinae_Occ_967,CRI,valid
Neoponera_apicalis,11.02246,-85.42592,Costa Rica,GABI,AOTW_Ponerinae_Occ_968,CRI,valid
Neoponera_apicalis,11.02246,-85.42592,Costa Rica,GABI,AOTW_Ponerinae_Occ_969,CRI,valid
Neoponera_apicalis,11.02246,-85.42592,Costa Rica,GABI,AOTW_Ponerinae_Occ_970,CRI,valid
Neoponera_apicalis,11.02246,-85.42592,Costa Rica,GABI,AOTW_Ponerinae_Occ_971,CRI,valid
Neoponera_apicalis,11.02246,-85.42592,Costa Rica,GABI,AOTW_Ponerinae_Occ_972,CRI,valid
Neoponera_apicalis,11.02246,-85.42592,Costa Rica,GABI,AOTW_Ponerinae_Occ_973,CRI,valid
Neoponera_apicalis,11.02246,-85.42592,Costa Rica,GABI,AOTW_Ponerinae_Occ_974,CRI,valid
Neoponera_apicalis,11.02246,-85.42592,Costa Rica,GABI,AOTW_Ponerinae_Occ_975,CRI,valid
Neoponera_apicalis,11.02246,-85.42592,Costa Rica,GABI,AOTW_Ponerinae_Occ_976,CRI,valid
Neoponera_apicalis,11.02246,-85.42592,Costa Rica,GABI,AOTW_Ponerinae_Occ_977,CRI,valid
Neoponera_apicalis,11.02246,-85.42592,Costa Rica,GABI,AOTW_Ponerinae_Occ_978,CRI,valid
Neoponera_apicalis,11.02246,-85.42592,Costa Rica,GABI,AOTW_Ponerinae_Occ_979,CRI,valid
Neoponera_apicalis,11.02246,-85.42592,Costa Rica,GABI,AOTW_Ponerinae_Occ_980,CRI,valid
Neoponera_apicalis,11.02246,-85.42592,Costa Rica,GABI,AOTW_Ponerinae_Occ_981,CRI,valid
Neoponera_apicalis,11.02246,-85.42592,Costa Rica,GABI,AOTW_Ponerinae_Occ_982,CRI,valid
Neoponera_apicalis,11.02246,-85.42592,Costa Rica,GABI,AOTW_Ponerinae_Occ_983,CRI,valid
Neoponera_apicalis,11.02246,-85.42592,Costa Rica,GABI,AOTW_Ponerinae_Occ_984,CRI,valid
Neoponera_apicalis,11.02246,-85.42592,Costa Rica,GABI,AOTW_Ponerinae_Occ_985,CRI,valid
Neoponera_apicalis,11.02246,-85.42592,Costa Rica,GABI,AOTW_Ponerinae_Occ_986,CRI,valid
Neoponera_apicalis,11.02246,-85.42592,Costa Rica,GABI,AOTW_Ponerinae_Occ_987,CRI,valid
Neoponera_apicalis,11.02246,-85.42592,Costa Rica,GABI,AOTW_Ponerinae_Occ_988,CRI,valid
Neoponera_apicalis,11.02246,-85.42592,Costa Rica,GABI,AOTW_Ponerinae_Occ_989,CRI,valid
Neoponera_apicalis,11.02246,-85.42592,Costa Rica,GABI,AOTW_Ponerinae_Occ_990,CRI,valid
Neoponera_apicalis,11.02246,-85.42592,Costa Rica,GABI,AOTW_Ponerinae_Occ_991,CRI,valid
Neoponera_apicalis,11.02246,-85.42592,Costa Rica,GABI,AOTW_Ponerinae_Occ_992,CRI,valid
Neoponera_apicalis,11.02246,-85.42592,Costa Rica,GABI,AOTW_Ponerinae_Occ_993,CRI,valid
Neoponera_apicalis,11.02246,-85.42592,Costa Rica,GABI,AOTW_Ponerinae_Occ_994,CRI,valid
Neoponera_apicalis,11.02246,-85.42592,Costa Rica,GABI,AOTW_Ponerinae_Occ_995,CRI,valid
Neoponera_apicalis,11.02246,-85.42592,Costa Rica,GABI,AOTW_Ponerinae_Occ_996,CRI,valid
Neoponera_apicalis,11.02246,-85.42592,Costa Rica,GABI,AOTW_Ponerinae_Occ_997,CRI,valid
Neoponera_apicalis,11.02246,-85.42592,Costa Rica,GABI,AOTW_Ponerinae_Occ_998,CRI,valid
Neoponera_apicalis,11.02246,-85.42592,Costa Rica,GABI,AOTW_Ponerinae_Occ_999,CRI,valid
Neoponera_apicalis,11.02246,-85.42592,Costa Rica,GABI,AOTW_Ponerinae_Occ_1000,CRI,valid
