ID,Name,Afrotropics,Australasia,Indomalaya,Nearctic,Neotropics,Eastern Palearctic,Western Palearctic
1,Anochetus_afr01,1,0,0,0,0,0,0
2,Anochetus_afr02,1,0,0,0,0,0,0
3,Anochetus_afr06,1,0,0,0,0,0,0
4,Anochetus_afrc_tz04,1,0,0,0,0,0,0
5,Anochetus_afrc_za02,1,0,0,0,0,0,0
6,Anochetus_africanus,1,0,0,0,0,0,0
7,Anochetus_agilis,0,0,1,0,0,0,0
8,Anochetus_alae,0,1,0,0,0,0,0
9,Anochetus_altisquamis,0,0,0,0,1,0,0
10,Anochetus_angolensis,1,0,0,0,0,0,0
11,Anochetus_annetteae,0,0,0,0,0,0,1
12,Anochetus_armstrongi,0,1,0,0,0,0,0
13,Anochetus_avius,0,1,0,0,0,0,0
14,Anochetus_bequaerti,1,0,0,0,0,0,0
15,Anochetus_bispinosus,0,0,0,0,1,0,0
16,Anochetus_boltoni,1,0,0,0,0,0,0
17,Anochetus_brevis,0,0,1,0,0,0,0
18,Anochetus_bytinskii,0,0,0,0,0,0,1
19,Anochetus_casc_mz11,1,0,0,0,0,0,0
20,Anochetus_cato,0,1,0,0,0,0,0
21,Anochetus_chirichinii,0,1,0,0,0,0,0
22,Anochetus_chocoensis,0,0,0,0,1,0,0
23,Anochetus_cm03,1,0,0,0,0,0,0
24,Anochetus_consultans,0,0,1,0,0,0,0
25,Anochetus_cryptus,0,0,1,0,0,0,0
26,Anochetus_daedalus,0,0,1,0,0,0,0
27,Anochetus_diegensis,0,0,0,0,1,0,0
28,Anochetus_elegans,0,0,0,0,1,0,0
29,Anochetus_emarginatus,0,0,0,0,1,0,0
30,Anochetus_evansi,0,0,0,0,0,1,0
31,Anochetus_faurei,1,0,0,0,0,0,0
32,Anochetus_filicornis,0,1,1,0,0,0,0
33,Anochetus_fricatus,0,1,0,0,0,0,0
34,Anochetus_fuliginosus,1,0,0,0,0,0,0
35,Anochetus_ghilianii,0,0,0,0,0,0,1
36,Anochetus_gladiator,0,1,1,0,0,0,0
37,Anochetus_goodmani,1,0,0,0,0,0,0
38,Anochetus_gracilis,0,0,1,0,0,0,0
39,Anochetus_graeffei,0,1,1,0,0,0,0
40,Anochetus_grandidieri,1,0,0,0,0,0,0
41,Anochetus_haytianus,0,0,0,0,1,0,0
42,Anochetus_hohenbergiae,0,0,0,0,1,0,0
43,Anochetus_horridus,0,0,0,0,1,0,0
44,Anochetus_inca,0,0,0,0,1,0,0
45,Anochetus_incultus,0,0,1,0,0,0,0
46,Anochetus_inermis,0,0,0,0,1,0,0
47,Anochetus_isolatus,0,1,1,0,0,0,0
48,Anochetus_jonesi,1,0,0,0,0,0,0
49,Anochetus_kanariensis,0,0,1,0,0,0,0
50,Anochetus_katonae,1,0,0,0,0,0,0
51,Anochetus_katonae_nr1,1,0,0,0,0,0,0
52,Anochetus_katonae_nr2,1,0,0,0,0,0,0
53,Anochetus_kempfi,0,0,0,0,1,0,0
54,Anochetus_lanyuensis,0,0,1,0,0,0,0
55,Anochetus_levaillanti,1,0,0,0,0,0,0
56,Anochetus_leyticus,0,0,1,0,0,0,0
57,Anochetus_longifossatus,0,0,1,0,0,0,0
58,Anochetus_longispinus,0,0,0,0,1,0,0
59,Anochetus_longus,0,0,1,0,0,0,0
60,Anochetus_madagascarensis,1,0,0,0,0,0,0
61,Anochetus_madaraszi,0,0,1,0,0,0,0
62,Anochetus_maryatiae,0,0,1,0,0,0,0
63,Anochetus_maynei,1,0,0,0,0,0,0
64,Anochetus_mayri,0,0,0,0,1,0,0
65,Anochetus_medogensis,0,0,0,0,0,1,0
66,Anochetus_micans,0,0,0,0,1,0,0
67,Anochetus_minans,0,0,0,0,1,0,0
68,Anochetus_miserabilis,0,0,0,0,1,0,0
69,Anochetus_mixtus,0,0,1,0,0,0,0
70,Anochetus_modicus,0,0,1,0,0,0,0
71,Anochetus_muzziolii,0,0,1,0,0,0,0
72,Anochetus_my06,0,0,1,0,0,0,0
73,Anochetus_myops,0,0,1,0,0,0,0
74,Anochetus_natalensis,1,0,0,0,0,0,0
75,Anochetus_neglectus,0,0,0,0,1,0,0
76,Anochetus_nietneri,0,0,1,0,0,0,0
77,Anochetus_obscuratus,1,0,0,0,0,0,0
78,Anochetus_obscurior,0,0,1,0,0,0,0
79,Anochetus_orchidicola,0,0,0,0,1,0,0
80,Anochetus_oriens,0,0,0,0,1,0,0
81,Anochetus_orientalis,0,0,1,0,0,0,0
82,Anochetus_pangantihoni,0,0,1,0,0,0,0
83,Anochetus_pangens,0,0,1,0,0,0,0
84,Anochetus_paripungens,0,1,0,0,0,0,0
85,Anochetus_pattersoni,1,0,0,0,0,0,0
86,Anochetus_pe01,0,0,0,0,1,0,0
87,Anochetus_pe02,0,0,0,0,1,0,0
88,Anochetus_pellucidus,1,0,0,0,0,0,0
89,Anochetus_peracer,0,1,0,0,0,0,0
90,Anochetus_ph01,0,0,1,0,0,0,0
91,Anochetus_ph02,0,0,1,0,0,0,0
92,Anochetus_ph03,0,0,1,0,0,0,0
93,Anochetus_ph04,0,0,1,0,0,0,0
94,Anochetus_princeps,0,0,1,0,0,0,0
95,Anochetus_pubescens,1,0,0,0,0,0,0
96,Anochetus_punctaticeps,1,0,0,0,0,0,0
97,Anochetus_pupulatus,0,0,1,0,0,0,0
98,Anochetus_rectangularis,0,1,0,0,0,0,0
99,Anochetus_renatae,0,1,0,0,0,0,0
100,Anochetus_risii,0,0,1,0,0,0,0
101,Anochetus_rothschildi,1,0,0,0,0,0,0
102,Anochetus_rufolatus,0,1,0,0,0,0,0
103,Anochetus_rufostenus,0,1,0,0,0,0,0
104,Anochetus_rufus,0,0,1,0,0,0,0
105,Anochetus_ruginotus,0,0,1,0,0,0,0
106,Anochetus_rugosus,0,0,1,0,0,0,0
107,Anochetus_schoedli,0,0,1,0,0,0,0
108,Anochetus_sedilloti,1,0,0,0,0,0,1
109,Anochetus_seminiger,0,1,0,0,0,0,0
110,Anochetus_shohki,0,0,1,0,0,0,0
111,Anochetus_simoni,0,0,0,0,1,0,0
112,Anochetus_siphneus,1,0,0,0,0,0,0
113,Anochetus_splendidulus,0,1,0,0,0,0,0
114,Anochetus_striatulus,0,0,0,0,1,0,0
115,Anochetus_strigatellus,0,0,1,0,0,0,0
116,Anochetus_subcoecus,0,0,1,0,0,1,0
117,Anochetus_talpa,1,0,0,0,0,0,0
118,Anochetus_targionii,0,0,0,0,1,0,0
119,Anochetus_testaceus,0,0,0,0,1,0,0
120,Anochetus_th01,0,0,1,0,0,0,0
121,Anochetus_traegaordhi,1,0,0,0,0,0,1
122,Anochetus_tua,0,0,1,0,0,0,0
123,Anochetus_turneri,0,1,0,0,0,0,0
124,Anochetus_validus,0,0,0,0,0,1,0
125,Anochetus_vallensis,0,0,0,0,1,0,0
126,Anochetus_variegatus,0,1,0,0,0,0,0
127,Anochetus_veronicae,0,1,0,0,0,0,0
128,Anochetus_vexator,0,0,0,0,1,0,0
129,Anochetus_victoriae,0,1,0,0,0,0,0
130,Anochetus_werneri,0,0,1,0,0,0,0
131,Anochetus_wiesiae,0,1,0,0,0,0,0
132,Anochetus_yerburyi,0,0,1,0,0,0,0
133,Asphinctopone_differens,1,0,0,0,0,0,0
134,Asphinctopone_pilosa,1,0,0,0,0,0,0
135,Asphinctopone_silvestrii,1,0,0,0,0,0,0
136,Austroponera_castanea,0,1,0,0,0,0,0
137,Austroponera_castaneicolor,0,1,0,0,0,0,0
138,Austroponera_rufonigra,0,1,0,0,0,0,0
139,Belonopelta_attenuata,0,0,0,0,1,0,0
140,Belonopelta_deletrix,0,0,0,0,1,0,0
141,Boloponera_ikemkha,1,0,0,0,0,0,0
142,Boloponera_vicans,1,0,0,0,0,0,0
143,Bothroponera_afrc_mz01,1,0,0,0,0,0,0
144,Bothroponera_ancilla,1,0,0,0,0,0,0
145,Bothroponera_aspera,1,0,0,0,0,0,0
146,Bothroponera_berthoudi,1,0,0,0,0,0,0
147,Bothroponera_cambouei,1,0,0,0,0,0,0
148,Bothroponera_cariosa,1,0,0,0,0,0,0
149,Bothroponera_cavernosa,1,0,0,0,0,0,0
150,Bothroponera_comorensis,1,0,0,0,0,0,0
151,Bothroponera_crassa,1,0,0,0,0,0,0
152,Bothroponera_cribrata,1,0,0,0,0,0,0
153,Bothroponera_escherichi,1,0,0,0,0,0,0
154,Bothroponera_fugax,1,0,0,0,0,0,0
155,Bothroponera_glabripes,0,0,1,0,0,0,0
156,Bothroponera_granosa,1,0,0,0,0,0,0
157,Bothroponera_henryi,0,0,1,0,0,0,0
158,Bothroponera_ilgii,1,0,0,0,0,0,0
159,Bothroponera_kruegeri,1,0,0,0,0,0,0
160,Bothroponera_laevissima,1,0,0,0,0,0,0
161,Bothroponera_masoala,1,0,0,0,0,0,0
162,Bothroponera_montivaga,1,0,0,0,0,0,0
163,Bothroponera_notaula,1,0,0,0,0,0,0
164,Bothroponera_pachyderma,1,0,0,0,0,0,0
165,Bothroponera_perroti,1,0,0,0,0,0,0
166,Bothroponera_picardi,1,0,0,0,0,0,0
167,Bothroponera_pilosuperficia,1,0,0,0,0,0,0
168,Bothroponera_planicornis,1,0,0,0,0,0,0
169,Bothroponera_pumicosa,1,0,0,0,0,0,0
170,Bothroponera_rubescens,1,0,0,0,0,0,0
171,Bothroponera_rubiginosa,0,0,1,0,0,0,0
172,Bothroponera_ryderae,1,0,0,0,0,0,0
173,Bothroponera_sanguinea,1,0,0,0,0,0,0
174,Bothroponera_sculpturata,1,0,0,0,0,0,0
175,Bothroponera_silvestrii,1,0,0,0,0,0,0
176,Bothroponera_silvestrii_nr,0,0,1,0,0,0,0
177,Bothroponera_soror,1,0,0,0,0,0,0
178,Bothroponera_strigulosa,1,0,0,0,0,0,0
179,Bothroponera_sulcata,0,0,1,0,0,0,0
180,Bothroponera_talpa,1,0,0,0,0,0,0
181,Bothroponera_tavaratra,1,0,0,0,0,0,0
182,Bothroponera_tesseronoda,0,0,1,0,0,0,0
183,Bothroponera_umgodikulula,1,0,0,0,0,0,0
184,Bothroponera_vazimba,1,0,0,0,0,0,0
185,Bothroponera_wasmannii,1,0,0,0,0,0,0
186,Bothroponera_williamsi,0,0,1,0,0,0,0
187,Bothroponera_zumpti,1,0,0,0,0,0,0
188,Brachyponera_arcuata,0,1,1,0,0,0,0
189,Brachyponera_atrata,0,1,1,0,0,0,0
190,Brachyponera_batak,0,0,1,0,0,0,0
191,Brachyponera_brevidorsa,0,0,1,0,0,0,0
192,Brachyponera_chinensis,0,1,1,0,0,1,0
193,Brachyponera_christmasi,0,0,1,0,0,0,0
194,Brachyponera_flavipes,0,0,1,0,0,0,0
195,Brachyponera_jerdonii,0,0,1,0,0,0,0
196,Brachyponera_lutea,0,1,0,0,0,0,0
197,Brachyponera_luteipes,0,1,1,0,0,1,0
198,Brachyponera_nakasujii,0,0,0,0,0,1,0
199,Brachyponera_nigrita,0,0,1,0,0,0,0
200,Brachyponera_obscurans,0,1,1,0,0,1,0
201,Brachyponera_pilidorsalis,0,0,1,0,0,0,0
202,Brachyponera_sennaarensis,1,0,0,0,0,0,0
203,Brachyponera_tianzun,0,0,1,0,0,0,0
204,Brachyponera_wallacei,0,1,1,0,0,0,0
205,Buniapone_amblyops,0,0,1,0,0,0,0
206,Centromyrmex_alfaroi,0,0,0,0,1,0,0
207,Centromyrmex_angolensis,1,0,0,0,0,0,0
208,Centromyrmex_bequaerti,1,0,0,0,0,0,0
209,Centromyrmex_brachycola,0,0,0,0,1,0,0
210,Centromyrmex_decessor,1,0,0,0,0,0,0
211,Centromyrmex_ereptor,1,0,0,0,0,0,0
212,Centromyrmex_feae,0,0,1,0,0,0,0
213,Centromyrmex_fugator,1,0,0,0,0,0,0
214,Centromyrmex_gigas,0,0,0,0,1,0,0
215,Centromyrmex_hamulatus,0,0,1,0,0,0,0
216,Centromyrmex_longiventris,1,0,0,0,0,0,0
217,Centromyrmex_praedator,1,0,0,0,0,0,0
218,Centromyrmex_raptor,1,0,0,0,0,0,0
219,Centromyrmex_secutor,1,0,0,0,0,0,0
220,Centromyrmex_sellaris,1,0,0,0,0,0,0
221,Corrieopone_nouragues,0,0,0,0,1,0,0
222,Cryptopone_arabica,0,0,0,0,0,0,1
223,Cryptopone_butteli,0,1,1,0,0,0,0
224,Cryptopone_crassicornis,0,1,0,0,0,0,0
225,Cryptopone_fusciceps,0,1,1,0,0,0,0
226,Cryptopone_gigas,0,0,1,0,0,1,0
227,Cryptopone_gilva,0,0,0,1,1,0,0
228,Cryptopone_gilvagrande,0,0,0,0,1,0,0
229,Cryptopone_gilvatumida,0,0,0,0,1,0,0
230,Cryptopone_guatemalensis,0,0,0,0,1,0,0
231,Cryptopone_jinxiuensis,0,0,1,0,0,0,0
232,Cryptopone_motschulskyi,0,1,0,0,0,0,0
233,Cryptopone_my07,0,0,1,0,0,0,0
234,Cryptopone_nicobarensis,0,0,1,0,0,0,0
235,Cryptopone_ochracea,0,0,0,0,0,1,1
236,Cryptopone_pseudogigas,0,0,1,0,0,1,0
237,Cryptopone_recticlypea,0,0,1,0,0,0,0
238,Cryptopone_rotundiceps,0,1,0,0,0,0,0
239,Cryptopone_sauteri,0,0,1,0,0,1,0
240,Cryptopone_sinensis,0,0,1,0,0,0,0
241,Cryptopone_subterranea,0,0,0,0,0,1,0
242,Cryptopone_taivanae,0,0,1,0,0,0,0
243,Cryptopone_tengu,0,1,1,0,0,1,0
244,Cryptopone_testacea,0,1,1,0,0,1,0
245,Cryptopone_typhlos,0,0,1,0,0,0,0
246,Diacamma_aequale,0,0,1,0,0,0,0
247,Diacamma_assamense,0,0,1,0,0,0,0
248,Diacamma_aureovestitum,0,0,1,0,0,0,0
249,Diacamma_australe,0,1,0,0,0,0,0
250,Diacamma_baguiense,0,0,1,0,0,0,0
251,Diacamma_bispinosum,0,1,0,0,0,0,0
252,Diacamma_brevistriatum,0,0,1,0,0,0,0
253,Diacamma_caeruleum,0,0,1,0,0,0,0
254,Diacamma_carbonarium,0,0,1,0,0,0,0
255,Diacamma_ceylonense,0,0,1,0,0,0,0
256,Diacamma_colosseense,0,1,0,0,0,0,0
257,Diacamma_concentricum,0,0,1,0,0,0,0
258,Diacamma_cupreum,0,1,1,0,0,0,0
259,Diacamma_cyaneiventre,0,0,1,0,0,0,0
260,Diacamma_excellens,0,0,1,0,0,0,0
261,Diacamma_generali,0,0,1,0,0,0,0
262,Diacamma_geometricum,0,0,1,0,0,0,0
263,Diacamma_gusenleitneri,0,0,1,0,0,0,0
264,Diacamma_holosericum,0,0,1,0,0,0,0
265,Diacamma_holzschuhi,0,0,1,0,0,0,0
266,Diacamma_indicum,0,0,1,0,0,1,0
267,Diacamma_intricatum,0,0,1,0,0,0,0
268,Diacamma_jacobsoni,0,0,1,0,0,0,0
269,Diacamma_jaitrongi,0,0,1,0,0,0,0
270,Diacamma_leve,0,1,0,0,0,0,0
271,Diacamma_leyteense,0,0,1,0,0,0,0
272,Diacamma_longitudinale,0,0,1,0,0,0,0
273,Diacamma_magdalenae,0,0,1,0,0,0,0
274,Diacamma_mj_sp1,0,1,0,0,0,0,0
275,Diacamma_mj_timor01,0,1,0,0,0,0,0
276,Diacamma_orbiculatum,0,0,1,0,0,0,0
277,Diacamma_palawanicum,0,0,1,0,0,0,0
278,Diacamma_pallidum,0,0,1,0,0,0,0
279,Diacamma_panayense,0,0,1,0,0,0,0
280,Diacamma_purpureum,0,1,0,0,0,0,0
281,Diacamma_reductostriatum,0,0,1,0,0,0,0
282,Diacamma_rugivertex,0,1,0,0,0,0,0
283,Diacamma_rugosum,0,1,1,0,0,0,0
284,Diacamma_scalpratum,0,0,1,0,0,0,0
285,Diacamma_schoedli,0,1,0,0,0,0,0
286,Diacamma_sikkimense,0,0,1,0,0,0,0
287,Diacamma_symposium,0,0,1,0,0,0,0
288,Diacamma_timorense,0,1,0,0,0,0,0
289,Diacamma_vagans,0,1,1,0,0,0,0
290,Diacamma_violaceum,0,0,1,0,0,0,0
291,Diacamma_viridipurpureum,0,0,1,0,0,0,0
292,Dinoponera_gigantea,0,0,0,0,1,0,0
293,Dinoponera_grandis,0,0,0,0,1,0,0
294,Dinoponera_hispida,0,0,0,0,1,0,0
295,Dinoponera_longipes,0,0,0,0,1,0,0
296,Dinoponera_lucida,0,0,0,0,1,0,0
297,Dinoponera_mutica,0,0,0,0,1,0,0
298,Dinoponera_nicinha,0,0,0,0,1,0,0
299,Dinoponera_quadriceps,0,0,0,0,1,0,0
300,Dolioponera_fustigera,1,0,0,0,0,0,0
301,Ectomomyrmex_aciculatus,0,1,0,0,0,0,0
302,Ectomomyrmex_acutus,0,1,0,0,0,0,0
303,Ectomomyrmex_aequalis,0,1,0,0,0,0,0
304,Ectomomyrmex_annamitus,0,0,1,0,0,0,0
305,Ectomomyrmex_apicalis,0,0,1,0,0,0,0
306,Ectomomyrmex_astutus,0,0,1,0,0,1,0
307,Ectomomyrmex_claudatus,0,0,1,0,0,0,0
308,Ectomomyrmex_exaratus,0,1,0,0,0,0,0
309,Ectomomyrmex_horni,0,0,1,0,0,0,0
310,Ectomomyrmex_insulanus,0,1,0,0,0,0,0
311,Ectomomyrmex_javanus,0,1,1,0,0,1,0
312,Ectomomyrmex_leeuwenhoeki,0,0,1,0,0,1,0
313,Ectomomyrmex_lobocarenus,0,0,1,0,0,0,0
314,Ectomomyrmex_melancholicus,0,1,1,0,0,0,0
315,Ectomomyrmex_mj_sp7,0,1,0,0,0,0,0
316,Ectomomyrmex_modiglianii,0,0,1,0,0,0,0
317,Ectomomyrmex_obtusus,0,0,1,0,0,0,0
318,Ectomomyrmex_overbecki,0,0,1,0,0,0,0
319,Ectomomyrmex_ph02,0,0,1,0,0,0,0
320,Ectomomyrmex_ph03,0,0,1,0,0,0,0
321,Ectomomyrmex_punctatus,0,0,1,0,0,0,0
322,Ectomomyrmex_ruficornis,0,1,0,0,0,0,0
323,Ectomomyrmex_sauteri,0,0,1,0,0,1,0
324,Ectomomyrmex_scobinus,0,1,0,0,0,0,0
325,Ectomomyrmex_simillimus,0,1,0,0,0,0,0
326,Ectomomyrmex_striatulus,0,1,1,0,0,0,0
327,Ectomomyrmex_striolatus,0,0,1,0,0,1,0
328,Ectomomyrmex_sumatranus,0,0,1,0,0,0,0
329,Ectomomyrmex_th01,0,0,1,0,0,0,0
330,Ectomomyrmex_th02,0,0,1,0,0,0,0
331,Ectomomyrmex_th04,0,0,1,0,0,0,0
332,Ectomomyrmex_th05,0,0,1,0,0,0,0
333,Ectomomyrmex_vermiculatus,0,1,0,0,0,0,0
334,Ectomomyrmex_zhengi,0,0,1,0,0,1,0
335,Emeryopone_buttelreepeni,0,0,1,0,0,0,0
336,Emeryopone_franzi,0,0,1,0,0,0,0
337,Emeryopone_loebli,0,0,0,0,0,0,1
338,Emeryopone_melaina,0,0,1,0,0,0,0
339,Emeryopone_my01,0,0,1,0,0,0,0
340,Emeryopone_narendrani,0,0,1,0,0,0,0
341,Euponera_aenigmatica,1,0,0,0,0,0,0
342,Euponera_afr01,1,0,0,0,0,0,0
343,Euponera_afr02,1,0,0,0,0,0,0
344,Euponera_agnivo,1,0,0,0,0,0,0
345,Euponera_antsiraka,1,0,0,0,0,0,0
346,Euponera_brunoi,1,0,0,0,0,0,0
347,Euponera_daraina,1,0,0,0,0,0,0
348,Euponera_fossigera,1,0,0,0,0,0,0
349,Euponera_gorogota,1,0,0,0,0,0,0
350,Euponera_grandis,0,0,1,0,0,0,0
351,Euponera_haratsingy,1,0,0,0,0,0,0
352,Euponera_ivolo,1,0,0,0,0,0,0
353,Euponera_maeva,1,0,0,0,0,0,0
354,Euponera_malayana,0,0,1,0,0,0,0
355,Euponera_mialy,1,0,0,0,0,0,0
356,Euponera_nosy,1,0,0,0,0,0,0
357,Euponera_pallidipennis,0,0,1,0,0,0,0
358,Euponera_pilosior,0,0,1,0,0,1,0
359,Euponera_rovana,1,0,0,0,0,0,0
360,Euponera_sakishimensis,0,0,1,0,0,0,0
361,Euponera_sharpi,0,0,1,0,0,0,0
362,Euponera_sikorae,1,0,0,0,0,0,0
363,Euponera_sjostedti,1,0,0,0,0,0,0
364,Euponera_tahary,1,0,0,0,0,0,0
365,Euponera_vohitravo,1,0,0,0,0,0,0
366,Euponera_wroughtonii,1,0,0,0,0,0,0
367,Euponera_zoro,1,0,0,0,0,0,0
368,Feroponera_ferox,1,0,0,0,0,0,0
369,Fisheropone_ambigua,1,0,0,0,0,0,0
370,Fisheropone_hartwigi,1,0,0,0,0,0,0
371,Hagensia_havilandi,1,0,0,0,0,0,0
372,Hagensia_havilandi_marleyi,1,0,0,0,0,0,0
373,Hagensia_peringueyi,1,0,0,0,0,0,0
374,Hagensia_peringueyi_saldanhae,1,0,0,0,0,0,0
375,Harpegnathos_alperti,0,0,1,0,0,0,0
376,Harpegnathos_empesoi,0,0,1,0,0,0,0
377,Harpegnathos_hobbyi,0,0,1,0,0,0,0
378,Harpegnathos_honestoi,0,0,1,0,0,0,0
379,Harpegnathos_macgregori,0,0,1,0,0,0,0
380,Harpegnathos_medioniger,0,0,1,0,0,0,0
381,Harpegnathos_my01,0,0,1,0,0,0,0
382,Harpegnathos_pallipes,0,0,1,0,0,0,0
383,Harpegnathos_saltator,0,0,1,0,0,0,0
384,Harpegnathos_th01,0,0,1,0,0,0,0
385,Harpegnathos_venator,0,0,1,0,0,0,0
386,Hypoponera_abeillei,0,0,0,0,0,0,1
387,Hypoponera_afrc_tz06,1,0,0,0,0,0,0
388,Hypoponera_afrc_za05,1,0,0,0,0,0,0
389,Hypoponera_agilis,0,0,0,0,1,0,0
390,Hypoponera_aitkenii,0,0,1,0,0,0,0
391,Hypoponera_albopubescens,0,1,1,0,0,0,0
392,Hypoponera_aliena,0,0,0,0,1,0,0
393,Hypoponera_angustata,1,0,0,0,0,0,0
394,Hypoponera_ao01,1,0,0,0,0,0,0
395,Hypoponera_aprora,1,0,0,0,0,0,0
396,Hypoponera_argentina,0,0,0,0,1,0,0
397,Hypoponera_assmuthi,0,0,1,0,0,0,0
398,Hypoponera_austra,1,0,0,0,0,0,0
399,Hypoponera_beebei,0,0,0,0,1,0,0
400,Hypoponera_beppin,0,0,1,0,0,1,0
401,Hypoponera_biroi,0,1,0,0,0,0,0
402,Hypoponera_blanda,1,0,0,0,0,0,0
403,Hypoponera_boerorum,1,0,0,0,0,0,0
404,Hypoponera_boliviana_ms,0,0,0,0,1,0,0
405,Hypoponera_bugnioni,0,0,1,0,0,0,0
406,Hypoponera_bulawayensis,1,0,0,0,0,0,0
407,Hypoponera_butteli,0,0,1,0,0,0,0
408,Hypoponera_camerunensis,1,0,0,0,0,0,0
409,Hypoponera_casc_mz10,1,0,0,0,0,0,0
410,Hypoponera_casc_mz16,1,0,0,0,0,0,0
411,Hypoponera_casc_mz18,1,0,0,0,0,0,0
412,Hypoponera_casc_mz24,1,0,0,0,0,0,0
413,Hypoponera_casc_mz25,1,0,0,0,0,0,0
414,Hypoponera_ceylonensis,0,0,1,0,0,0,0
415,Hypoponera_clavatula,0,0,0,0,1,0,0
416,Hypoponera_cn01,0,0,1,0,0,0,0
417,Hypoponera_coeca,1,0,0,0,0,0,0
418,Hypoponera_collegiana,0,0,0,0,1,0,0
419,Hypoponera_comis,1,0,0,0,0,0,0
420,Hypoponera_confinis,0,1,1,0,0,1,0
421,Hypoponera_congrua,0,1,0,0,0,0,0
422,Hypoponera_convexiuscula,0,1,0,0,0,0,0
423,Hypoponera_creola,0,0,0,0,1,0,0
424,Hypoponera_decora,0,1,0,0,0,0,0
425,Hypoponera_defessa,1,0,0,0,0,0,0
426,Hypoponera_dema,1,0,0,0,0,0,0
427,Hypoponera_dias10,0,0,0,0,1,0,0
428,Hypoponera_dias12,0,0,0,0,1,0,0
429,Hypoponera_dias14,0,0,0,0,1,0,0
430,Hypoponera_dias19_1,0,0,0,0,1,0,0
431,Hypoponera_dias19_2,0,0,0,0,1,0,0
432,Hypoponera_dias20,0,0,0,0,1,0,0
433,Hypoponera_dias25,0,0,0,0,1,0,0
434,Hypoponera_dias27,0,0,0,0,1,0,0
435,Hypoponera_dis,1,0,0,0,0,0,0
436,Hypoponera_distinguenda,0,0,0,0,1,0,0
437,Hypoponera_dulcis,1,0,0,0,0,0,0
438,Hypoponera_eduardi,0,0,0,0,0,1,1
439,Hypoponera_elliptica,0,1,0,0,0,0,0
440,Hypoponera_emeryi,0,1,0,0,0,0,0
441,Hypoponera_ergatandria,1,0,0,0,0,0,0
442,Hypoponera_eutrepta,0,1,0,0,0,0,0
443,Hypoponera_exigua,1,0,0,0,0,0,0
444,Hypoponera_exoecata,0,0,1,0,0,1,0
445,Hypoponera_faceta,0,0,0,0,1,0,0
446,Hypoponera_faex,1,0,0,0,0,0,0
447,Hypoponera_fatiga,1,0,0,0,0,0,0
448,Hypoponera_fenestralis,0,0,0,0,1,0,0
449,Hypoponera_fiebrigi,0,0,0,0,1,0,0
450,Hypoponera_foeda,0,0,0,0,1,0,0
451,Hypoponera_foreli,0,0,0,0,1,0,0
452,Hypoponera_gibbinota,0,0,0,0,1,0,0
453,Hypoponera_gracilicornis,0,0,0,0,1,0,0
454,Hypoponera_grandidieri,1,0,0,0,0,0,0
455,Hypoponera_hawkesi,1,0,0,0,0,0,0
456,Hypoponera_hebes,1,0,0,0,0,0,0
457,Hypoponera_herbertonensis,0,1,0,0,0,0,0
458,Hypoponera_idelettae,0,0,0,0,1,0,0
459,Hypoponera_ignavia,1,0,0,0,0,0,0
460,Hypoponera_ignigera,0,0,0,0,1,0,0
461,Hypoponera_iheringi,0,0,0,0,1,0,0
462,Hypoponera_importuna,1,0,0,0,0,0,0
463,Hypoponera_inaudax,1,0,0,0,0,0,0
464,Hypoponera_indigens,1,0,0,0,0,0,0
465,Hypoponera_inexorata,0,0,0,1,1,0,0
466,Hypoponera_javana,0,0,1,0,0,0,0
467,Hypoponera_jeanneli,1,0,0,0,0,0,0
468,Hypoponera_jocosa,1,0,0,0,0,0,0
469,Hypoponera_johannae,1,0,0,0,0,0,0
470,Hypoponera_jtl002,0,0,0,0,1,0,0
471,Hypoponera_jtl003,0,0,0,0,1,0,0
472,Hypoponera_jtl006,0,0,0,0,1,0,0
473,Hypoponera_jtl008,0,0,0,0,1,0,0
474,Hypoponera_jtl010,0,0,0,0,1,0,0
475,Hypoponera_jtl013,0,0,0,0,1,0,0
476,Hypoponera_jtl016,0,0,0,0,1,0,0
477,Hypoponera_jtl021,0,0,0,0,1,0,0
478,Hypoponera_jtl022,0,0,0,0,1,0,0
479,Hypoponera_jtl023,0,0,0,0,1,0,0
480,Hypoponera_jtl026,0,0,0,0,1,0,0
481,Hypoponera_jtl028,0,0,0,0,1,0,0
482,Hypoponera_jtl029,0,0,0,0,1,0,0
483,Hypoponera_jtl031,0,0,0,0,1,0,0
484,Hypoponera_jtl032,0,0,0,0,1,0,0
485,Hypoponera_jtl034,0,0,0,0,1,0,0
486,Hypoponera_jtl035,0,0,0,0,1,0,0
487,Hypoponera_jtl036,0,0,0,0,1,0,0
488,Hypoponera_jtl037,0,0,0,0,1,0,0
489,Hypoponera_jtl038,0,0,0,0,1,0,0
490,Hypoponera_juxta,1,0,0,0,0,0,0
491,Hypoponera_kashmirensis,0,0,0,0,0,1,0
492,Hypoponera_lamellosa,0,0,1,0,0,0,0
493,Hypoponera_lassa,1,0,0,0,0,0,0
494,Hypoponera_leninei,0,0,0,0,1,0,0
495,Hypoponera_lepida,1,0,0,0,0,0,0
496,Hypoponera_leveillei,0,0,0,0,1,0,0
497,Hypoponera_longiceps,0,0,1,0,0,0,0
498,Hypoponera_ludovicae,1,0,0,0,0,0,0
499,Hypoponera_lumpurensis,0,0,1,0,0,0,0
500,Hypoponera_mackayensis,0,1,0,0,0,0,0
501,Hypoponera_macradelphe,0,1,0,0,0,0,0
502,Hypoponera_madecassa,1,0,0,0,0,0,0
503,Hypoponera_malayana,0,0,1,0,0,0,0
504,Hypoponera_menozzii,0,0,0,0,1,0,0
505,Hypoponera_meridia,1,0,0,0,0,0,0
506,Hypoponera_mesoponeroides,0,0,1,0,0,0,0
507,Hypoponera_mg007,1,0,0,0,0,0,0
508,Hypoponera_mg024,1,0,0,0,0,0,0
509,Hypoponera_mg025,1,0,0,0,0,0,0
510,Hypoponera_mg026,1,0,0,0,0,0,0
511,Hypoponera_mg117,1,0,0,0,0,0,0
512,Hypoponera_mixta,1,0,0,0,0,0,0
513,Hypoponera_mj_fogo07,0,1,0,0,0,0,0
514,Hypoponera_mj_mad02,0,1,0,0,0,0,0
515,Hypoponera_mj_weam01,0,1,0,0,0,0,0
516,Hypoponera_molesta,1,0,0,0,0,0,0
517,Hypoponera_monticola,0,1,0,0,0,0,0
518,Hypoponera_my13,0,0,1,0,0,0,0
519,Hypoponera_natalensis,1,0,0,0,0,0,0
520,Hypoponera_neglecta,0,0,0,0,1,0,0
521,Hypoponera_nippona,0,0,1,0,0,1,0
522,Hypoponera_nitidula,0,0,0,0,1,0,0
523,Hypoponera_nivariana,0,0,0,0,0,0,1
524,Hypoponera_nubatama,0,0,1,0,0,1,0
525,Hypoponera_obtunsa,1,0,0,0,0,0,0
526,Hypoponera_occidentalis,1,0,0,0,0,0,0
527,Hypoponera_odiosa,1,0,0,0,0,0,0
528,Hypoponera_opaciceps,0,0,0,0,1,0,0
529,Hypoponera_opacior,0,0,0,0,1,0,0
530,Hypoponera_opacior_nr1,0,0,0,1,0,0,0
531,Hypoponera_opacior_nr2,0,0,0,1,0,0,0
532,Hypoponera_opacior_nr3,0,0,0,1,0,0,0
533,Hypoponera_orba,1,0,0,0,0,0,0
534,Hypoponera_pallidula,0,1,0,0,0,0,0
535,Hypoponera_papuana,0,1,0,0,0,0,0
536,Hypoponera_parva,0,0,0,1,1,0,0
537,Hypoponera_perparva,1,0,0,0,0,0,0
538,Hypoponera_perplexa,0,0,0,0,1,0,0
539,Hypoponera_pia,0,1,0,0,0,0,0
540,Hypoponera_producta,1,0,0,0,0,0,0
541,Hypoponera_pruinosa,0,1,1,0,0,0,0
542,Hypoponera_psw_au01,0,1,0,0,0,0,0
543,Hypoponera_psw_au02,0,1,0,0,0,0,0
544,Hypoponera_psw_au05,0,1,0,0,0,0,0
545,Hypoponera_psw_au06,0,1,0,0,0,0,0
546,Hypoponera_psw_cn01,0,0,1,0,0,0,0
547,Hypoponera_psw_cu01,0,0,0,0,1,0,0
548,Hypoponera_psw_do01,0,0,0,0,1,0,0
549,Hypoponera_psw_do02,0,0,0,0,1,0,0
550,Hypoponera_psw_do03,0,0,0,0,1,0,0
551,Hypoponera_psw_my01,0,0,1,0,0,0,0
552,Hypoponera_psw_my05,0,0,1,0,0,0,0
553,Hypoponera_psw_my06,0,0,1,0,0,0,0
554,Hypoponera_psw_my10,0,0,1,0,0,0,0
555,Hypoponera_psw_my12,0,0,1,0,0,0,0
556,Hypoponera_psw_my16,0,0,1,0,0,0,0
557,Hypoponera_psw_pe01,0,0,0,0,1,0,0
558,Hypoponera_psw_pe03,0,0,0,0,1,0,0
559,Hypoponera_psw_pe07,0,0,0,0,1,0,0
560,Hypoponera_psw_pe08,0,0,0,0,1,0,0
561,Hypoponera_pulchra,1,0,0,0,0,0,0
562,Hypoponera_punctatissima,1,0,0,0,0,0,0
563,Hypoponera_punctiventris,0,1,0,0,0,0,0
564,Hypoponera_pygmaea,0,0,1,0,0,0,0
565,Hypoponera_quaestio,1,0,0,0,0,0,0
566,Hypoponera_queenslandensis,0,1,0,0,0,0,0
567,Hypoponera_ragusai,0,0,0,0,0,0,1
568,Hypoponera_rectidens,0,1,0,0,0,0,0
569,Hypoponera_regis,1,0,0,0,0,0,0
570,Hypoponera_reichenspergeri,0,0,0,0,1,0,0
571,Hypoponera_rigida,1,0,0,0,0,0,0
572,Hypoponera_sabronae,0,1,0,0,0,0,0
573,Hypoponera_sakalava,1,0,0,0,0,0,0
574,Hypoponera_sauteri,0,0,1,0,0,1,0
575,Hypoponera_sb_mano,1,0,0,0,0,0,0
576,Hypoponera_sc_akir,1,0,0,0,0,0,0
577,Hypoponera_sc_amba,1,0,0,0,0,0,0
578,Hypoponera_sc_ambo,1,0,0,0,0,0,0
579,Hypoponera_sc_ampa,1,0,0,0,0,0,0
580,Hypoponera_sc_anda,1,0,0,0,0,0,0
581,Hypoponera_sc_ando,1,0,0,0,0,0,0
582,Hypoponera_sc_andr,1,0,0,0,0,0,0
583,Hypoponera_sc_anja,1,0,0,0,0,0,0
584,Hypoponera_sc_anka,1,0,0,0,0,0,0
585,Hypoponera_sc_anos,1,0,0,0,0,0,0
586,Hypoponera_sc_ant,1,0,0,0,0,0,0
587,Hypoponera_sc_anta,1,0,0,0,0,0,0
588,Hypoponera_sc_befa,1,0,0,0,0,0,0
589,Hypoponera_sc_befi,1,0,0,0,0,0,0
590,Hypoponera_sc_beka,1,0,0,0,0,0,0
591,Hypoponera_sc_bema,1,0,0,0,0,0,0
592,Hypoponera_sc_bere,1,0,0,0,0,0,0
593,Hypoponera_sc_beta,1,0,0,0,0,0,0
594,Hypoponera_sc_bina,1,0,0,0,0,0,0
595,Hypoponera_sc_galo,1,0,0,0,0,0,0
596,Hypoponera_sc_isa,1,0,0,0,0,0,0
597,Hypoponera_sc_ivoh,1,0,0,0,0,0,0
598,Hypoponera_sc_mah,1,0,0,0,0,0,0
599,Hypoponera_sc_maha,1,0,0,0,0,0,0
600,Hypoponera_sc_maham,1,0,0,0,0,0,0
601,Hypoponera_sc_maka,1,0,0,0,0,0,0
602,Hypoponera_sc_maki,1,0,0,0,0,0,0
603,Hypoponera_sc_mand,1,0,0,0,0,0,0
604,Hypoponera_sc_mano,1,0,0,0,0,0,0
605,Hypoponera_sc_maro,1,0,0,0,0,0,0
606,Hypoponera_sc_mora,1,0,0,0,0,0,0
607,Hypoponera_sc_nosy,1,0,0,0,0,0,0
608,Hypoponera_sc_rano,1,0,0,0,0,0,0
609,Hypoponera_sc_tamp,1,0,0,0,0,0,0
610,Hypoponera_sc_zaha,1,0,0,0,0,0,0
611,Hypoponera_schmalzi,0,0,0,0,1,0,0
612,Hypoponera_schmidti,0,0,1,0,0,0,0
613,Hypoponera_schwebeli,0,0,0,0,1,0,0
614,Hypoponera_scitula,0,1,0,0,0,0,0
615,Hypoponera_segnis,1,0,0,0,0,0,0
616,Hypoponera_shattucki,0,0,1,0,0,0,0
617,Hypoponera_silvestrii,0,0,1,0,0,0,0
618,Hypoponera_singaporensis,0,0,1,0,0,0,0
619,Hypoponera_sinuosa,1,0,0,0,0,0,0
620,Hypoponera_siremps,0,1,0,0,0,0,0
621,Hypoponera_sky_f,0,0,1,0,0,0,0
622,Hypoponera_sororcula,0,1,0,0,0,0,0
623,Hypoponera_spei,1,0,0,0,0,0,0
624,Hypoponera_stoica,0,0,0,0,1,0,0
625,Hypoponera_sulcatinasis,1,0,0,0,0,0,0
626,Hypoponera_sulciceps,0,1,0,0,0,0,0
627,Hypoponera_surda,1,0,0,0,0,0,0
628,Hypoponera_taprobanae,0,0,1,0,0,0,0
629,Hypoponera_tecta,1,0,0,0,0,0,0
630,Hypoponera_tenella,0,1,0,0,0,0,0
631,Hypoponera_traegaordhi,1,0,0,0,0,0,0
632,Hypoponera_transvaalensis,1,0,0,0,0,0,0
633,Hypoponera_trigona,0,0,0,0,1,0,0
634,Hypoponera_tristis,1,0,0,0,0,0,0
635,Hypoponera_truncata,0,0,1,0,0,0,0
636,Hypoponera_turaga,0,1,0,0,0,0,0
637,Hypoponera_ug10,1,0,0,0,0,0,0
638,Hypoponera_ursa,1,0,0,0,0,0,0
639,Hypoponera_vanreesi,0,0,1,0,0,0,0
640,Hypoponera_vc01,0,0,0,0,1,0,0
641,Hypoponera_vc02,0,0,0,0,1,0,0
642,Hypoponera_venusta,1,0,0,0,0,0,0
643,Hypoponera_vernacula,0,0,0,0,1,0,0
644,Hypoponera_viri,0,0,0,0,1,0,0
645,Hypoponera_vitiensis,0,1,0,0,0,0,0
646,Hypoponera_wilsoni,0,0,0,0,1,0,0
647,Hypoponera_wroughtonii,0,0,1,0,0,1,0
648,Hypoponera_zwaluwenburgi,0,0,1,0,0,0,0
649,Igaponera_curiosa,0,0,0,0,1,0,0
650,Iroponera_odax,0,1,0,0,0,0,0
651,Leptogenys_academica,0,0,0,0,1,0,0
652,Leptogenys_acutangula,0,1,0,0,0,0,0
653,Leptogenys_acutirostris,1,0,0,0,0,0,0
654,Leptogenys_adlerzi,0,1,0,0,0,0,0
655,Leptogenys_afr01,1,0,0,0,0,0,0
656,Leptogenys_afr02,1,0,0,0,0,0,0
657,Leptogenys_afr03,1,0,0,0,0,0,0
658,Leptogenys_afr05,1,0,0,0,0,0,0
659,Leptogenys_afr07,1,0,0,0,0,0,0
660,Leptogenys_afr08,1,0,0,0,0,0,0
661,Leptogenys_afr09,1,0,0,0,0,0,0
662,Leptogenys_afr10,1,0,0,0,0,0,0
663,Leptogenys_afr12,1,0,0,0,0,0,0
664,Leptogenys_afrc_rc01,1,0,0,0,0,0,0
665,Leptogenys_afrc_tz01,1,0,0,0,0,0,0
666,Leptogenys_afrc_tz02,1,0,0,0,0,0,0
667,Leptogenys_afrc_tz04,1,0,0,0,0,0,0
668,Leptogenys_afrc_tz06,1,0,0,0,0,0,0
669,Leptogenys_afrc_tz07,1,0,0,0,0,0,0
670,Leptogenys_afrc_tz08,1,0,0,0,0,0,0
671,Leptogenys_afrc_za01,1,0,0,0,0,0,0
672,Leptogenys_alamando,1,0,0,0,0,0,0
673,Leptogenys_alatapia,1,0,0,0,0,0,0
674,Leptogenys_alluaudi,1,0,0,0,0,0,0
675,Leptogenys_amazonica,0,0,0,0,1,0,0
676,Leptogenys_ambo,1,0,0,0,0,0,0
677,Leptogenys_amon,1,0,0,0,0,0,0
678,Leptogenys_amu,0,0,0,0,1,0,0
679,Leptogenys_andritantely,1,0,0,0,0,0,0
680,Leptogenys_angusta,1,0,0,0,0,0,0
681,Leptogenys_angustinoda,0,1,0,0,0,0,0
682,Leptogenys_anitae,0,1,0,0,0,0,0
683,Leptogenys_anjara,1,0,0,0,0,0,0
684,Leptogenys_ankhesa,1,0,0,0,0,0,0
685,Leptogenys_antillana,0,0,0,0,1,0,0
686,Leptogenys_antongilensis,1,0,0,0,0,0,0
687,Leptogenys_arcirostris,1,0,0,0,0,0,0
688,Leptogenys_arcuata,0,0,0,0,1,0,0
689,Leptogenys_arnoldi,1,0,0,0,0,0,0
690,Leptogenys_aspera,0,0,1,0,0,0,0
691,Leptogenys_assamensis,0,0,1,0,0,0,0
692,Leptogenys_atra,0,0,1,0,0,0,0
693,Leptogenys_attenuata,1,0,0,0,0,0,0
694,Leptogenys_australis,0,0,0,0,1,0,0
695,Leptogenys_avaratra,1,0,0,0,0,0,0
696,Leptogenys_avo,1,0,0,0,0,0,0
697,Leptogenys_barimaso,1,0,0,0,0,0,0
698,Leptogenys_bellii,1,0,0,0,0,0,0
699,Leptogenys_bezanozano,1,0,0,0,0,0,0
700,Leptogenys_bhartii,0,0,0,0,0,1,0
701,Leptogenys_bidentata,0,1,0,0,0,0,0
702,Leptogenys_bifida,0,0,0,0,1,0,0
703,Leptogenys_binghamii,0,0,1,0,0,0,0
704,Leptogenys_birmana,0,0,1,0,0,0,0
705,Leptogenys_bituberculata,0,1,0,0,0,0,0
706,Leptogenys_bohlsi,0,0,0,0,1,0,0
707,Leptogenys_borivava,1,0,0,0,0,0,0
708,Leptogenys_borneensis,0,0,1,0,0,0,0
709,Leptogenys_breviceps,0,1,0,0,0,0,0
710,Leptogenys_breviloba,0,0,1,0,0,0,0
711,Leptogenys_bubastis,1,0,0,0,0,0,0
712,Leptogenys_buyssoni,1,0,0,0,0,0,0
713,Leptogenys_caeciliae,0,1,0,0,0,0,0
714,Leptogenys_camerunensis,1,0,0,0,0,0,0
715,Leptogenys_carbonaria,0,0,0,0,1,0,0
716,Leptogenys_carinata,0,0,1,0,0,0,0
717,Leptogenys_carioca,0,0,0,0,1,0,0
718,Leptogenys_casc_mz03,1,0,0,0,0,0,0
719,Leptogenys_casc_mz06,1,0,0,0,0,0,0
720,Leptogenys_castanea,1,0,0,0,0,0,0
721,Leptogenys_centralis,0,1,0,0,0,0,0
722,Leptogenys_chalybaea,0,1,1,0,0,0,0
723,Leptogenys_chamela,0,0,0,0,1,0,0
724,Leptogenys_chelifera,0,1,0,0,0,0,0
725,Leptogenys_chinensis,0,0,1,0,0,0,0
726,Leptogenys_chrislaini,1,0,0,0,0,0,0
727,Leptogenys_ciliata,0,0,0,0,1,0,0
728,Leptogenys_clarki,0,1,0,0,0,0,0
729,Leptogenys_cn01,0,0,1,0,0,0,0
730,Leptogenys_cn02,0,0,1,0,0,0,0
731,Leptogenys_coerulescens,1,0,0,0,0,0,0
732,Leptogenys_comajojo,1,0,0,0,0,0,0
733,Leptogenys_confucii,0,0,1,0,0,1,0
734,Leptogenys_conigera,0,1,0,0,0,0,0
735,Leptogenys_conradti,1,0,0,0,0,0,0
736,Leptogenys_consanguinea,0,0,0,1,1,0,0
737,Leptogenys_cordoba,0,0,0,0,1,0,0
738,Leptogenys_corniculans,0,0,0,0,1,0,0
739,Leptogenys_cracens,0,0,0,0,1,0,0
740,Leptogenys_crassicornis,0,0,1,0,0,0,0
741,Leptogenys_crassinoda,1,0,0,0,0,0,0
742,Leptogenys_crudelis,0,0,0,0,1,0,0
743,Leptogenys_crustosa,1,0,0,0,0,0,0
744,Leptogenys_cryptica,1,0,0,0,0,0,0
745,Leptogenys_cuneata,0,0,0,0,1,0,0
746,Leptogenys_curva,0,0,1,0,0,0,0
747,Leptogenys_cyanicatena,0,0,1,0,0,0,0
748,Leptogenys_dalyi,0,0,1,0,0,0,0
749,Leptogenys_darlingtoni,0,1,0,0,0,0,0
750,Leptogenys_davydovi,0,0,1,0,0,0,0
751,Leptogenys_deborae,0,0,0,0,1,0,0
752,Leptogenys_dentilobis,0,0,1,0,0,0,0
753,Leptogenys_diana,1,0,0,0,0,0,0
754,Leptogenys_diatra,1,0,0,0,0,0,0
755,Leptogenys_diminuta,0,1,1,0,0,0,0
756,Leptogenys_donisthorpei,0,0,0,0,1,0,0
757,Leptogenys_drepanon,0,1,0,0,0,0,0
758,Leptogenys_ebenina,0,1,0,0,0,0,0
759,Leptogenys_edsoni,1,0,0,0,0,0,0
760,Leptogenys_elegans,1,0,0,0,0,0,0
761,Leptogenys_elongata,0,0,0,1,1,0,0
762,Leptogenys_elzasoares,0,0,0,0,1,0,0
763,Leptogenys_emeryi,0,1,0,0,0,0,0
764,Leptogenys_emiliae,0,0,1,0,0,0,0
765,Leptogenys_ergatogyna,1,0,0,0,0,0,0
766,Leptogenys_erugata,0,0,0,0,1,0,0
767,Leptogenys_erythraea,1,0,0,0,0,0,0
768,Leptogenys_excellens,1,0,0,0,0,0,0
769,Leptogenys_excellens_cf,1,0,0,0,0,0,0
770,Leptogenys_excisa,0,1,0,0,0,0,0
771,Leptogenys_exigua,0,1,0,0,0,0,0
772,Leptogenys_exundans,0,0,1,0,0,0,0
773,Leptogenys_falcigera,1,0,0,0,0,0,0
774,Leptogenys_fallax,0,1,0,0,0,0,0
775,Leptogenys_famelica,0,0,0,0,1,0,0
776,Leptogenys_fasika,1,0,0,0,0,0,0
777,Leptogenys_ferrarii,1,0,0,0,0,0,0
778,Leptogenys_fiandry,1,0,0,0,0,0,0
779,Leptogenys_foreli,0,1,0,0,0,0,0
780,Leptogenys_fortior,0,1,0,0,0,0,0
781,Leptogenys_fotsivava,1,0,0,0,0,0,0
782,Leptogenys_foveonates,0,0,0,0,1,0,0
783,Leptogenys_foveopunctata,0,1,0,0,0,0,0
784,Leptogenys_fugax,0,1,0,0,0,0,0
785,Leptogenys_furtiva,1,0,0,0,0,0,0
786,Leptogenys_gagates,0,0,0,0,1,0,0
787,Leptogenys_gaigei,0,0,0,0,1,0,0
788,Leptogenys_gatu,0,0,0,0,1,0,0
789,Leptogenys_glabra,0,0,0,0,1,0,0
790,Leptogenys_gorgona,0,0,0,0,1,0,0
791,Leptogenys_gracilis,1,0,0,0,0,0,0
792,Leptogenys_grandidieri,1,0,0,0,0,0,0
793,Leptogenys_guianensis,0,0,0,0,1,0,0
794,Leptogenys_guineensis,1,0,0,0,0,0,0
795,Leptogenys_hackeri,0,1,0,0,0,0,0
796,Leptogenys_harmsi,0,0,1,0,0,0,0
797,Leptogenys_havilandi,1,0,0,0,0,0,0
798,Leptogenys_havilandi_cf,1,0,0,0,0,0,0
799,Leptogenys_hebrideana,0,1,0,0,0,0,0
800,Leptogenys_hemioptica,0,0,1,0,0,0,0
801,Leptogenys_hezhouensis,0,0,1,0,0,0,0
802,Leptogenys_honduriana,0,0,0,0,1,0,0
803,Leptogenys_honoria,1,0,0,0,0,0,0
804,Leptogenys_huapingensis,0,0,1,0,0,0,0
805,Leptogenys_humiliata,0,1,0,0,0,0,0
806,Leptogenys_hysterica,0,0,1,0,0,0,0
807,Leptogenys_id01,0,0,1,0,0,0,0
808,Leptogenys_id02,0,0,1,0,0,0,0
809,Leptogenys_iheringi,0,0,0,0,1,0,0
810,Leptogenys_imerinensis,1,0,0,0,0,0,0
811,Leptogenys_imperatrix,0,0,0,0,1,0,0
812,Leptogenys_incisa,1,0,0,0,0,0,0
813,Leptogenys_indagatrix,0,1,0,0,0,0,0
814,Leptogenys_ingens,0,0,0,0,1,0,0
815,Leptogenys_intermedia,1,0,0,0,0,0,0
816,Leptogenys_intricata,0,1,0,0,0,0,0
817,Leptogenys_iridescens,0,0,1,0,0,0,0
818,Leptogenys_iridipennis,0,0,1,0,0,0,0
819,Leptogenys_itoi,0,0,1,0,0,0,0
820,Leptogenys_ixta,0,0,0,1,1,0,0
821,Leptogenys_jeanettei,0,0,1,0,0,0,0
822,Leptogenys_jeanneli,1,0,0,0,0,0,0
823,Leptogenys_johary,1,0,0,0,0,0,0
824,Leptogenys_josephi,0,0,0,0,1,0,0
825,Leptogenys_kanaoi,0,0,1,0,0,0,0
826,Leptogenys_karawaiewi,0,0,1,0,0,0,0
827,Leptogenys_keysseri,0,1,0,0,0,0,0
828,Leptogenys_khammouanensis,0,0,1,0,0,0,0
829,Leptogenys_khaura,1,0,0,0,0,0,0
830,Leptogenys_kiche,0,0,0,0,1,0,0
831,Leptogenys_kitteli,0,0,1,0,0,0,0
832,Leptogenys_kitteli_nr,0,0,1,0,0,0,0
833,Leptogenys_kraepelini,0,0,1,0,0,0,0
834,Leptogenys_laeviceps,0,0,1,0,0,0,0
835,Leptogenys_laeviterga,0,0,1,0,0,0,0
836,Leptogenys_langi,0,0,0,0,1,0,0
837,Leptogenys_laozii,0,0,1,0,0,0,0
838,Leptogenys_lattkei,0,0,0,0,0,1,0
839,Leptogenys_lavavava,1,0,0,0,0,0,0
840,Leptogenys_leiothorax,1,0,0,0,0,0,0
841,Leptogenys_leleji,0,0,1,0,0,0,0
842,Leptogenys_letilae,0,1,0,0,0,0,0
843,Leptogenys_linda,0,0,0,0,1,0,0
844,Leptogenys_linearis,0,0,0,0,1,0,0
845,Leptogenys_loarelae,0,1,0,0,0,0,0
846,Leptogenys_lohahela,1,0,0,0,0,0,0
847,Leptogenys_longensis,0,1,0,0,0,0,0
848,Leptogenys_longiceps,1,0,0,0,0,0,0
849,Leptogenys_longiscapus,0,0,1,0,0,0,0
850,Leptogenys_lucida,1,0,0,0,0,0,0
851,Leptogenys_lucidula,0,0,1,0,0,0,0
852,Leptogenys_luederwaldti,0,0,0,0,1,0,0
853,Leptogenys_mactans,1,0,0,0,0,0,0
854,Leptogenys_magna,0,1,0,0,0,0,0
855,Leptogenys_malama,1,0,0,0,0,0,0
856,Leptogenys_malayana,0,0,1,0,0,0,0
857,Leptogenys_mangabe,1,0,0,0,0,0,0
858,Leptogenys_manja,1,0,0,0,0,0,0
859,Leptogenys_manni,0,0,0,1,0,0,0
860,Leptogenys_manongarivo,1,0,0,0,0,0,0
861,Leptogenys_mastax,1,0,0,0,0,0,0
862,Leptogenys_mavaca,0,0,0,0,1,0,0
863,Leptogenys_maxillosa,1,0,0,0,0,0,0
864,Leptogenys_maya,0,0,0,0,1,0,0
865,Leptogenys_mayotte,1,0,0,0,0,0,0
866,Leptogenys_melena,0,0,0,0,1,0,0
867,Leptogenys_mengzii,0,0,1,0,0,1,0
868,Leptogenys_meritans,0,0,1,0,0,0,0
869,Leptogenys_mgb01,0,0,0,0,1,0,0
870,Leptogenys_microps,1,0,0,0,0,0,0
871,Leptogenys_minima,0,0,0,0,1,0,0
872,Leptogenys_mj_sp1,0,1,0,0,0,0,0
873,Leptogenys_mjobergi,0,1,0,0,0,0,0
874,Leptogenys_mjobergi_nr,0,1,0,0,0,0,0
875,Leptogenys_modiglianii,0,0,1,0,0,0,0
876,Leptogenys_moelleri,0,0,1,0,0,0,0
877,Leptogenys_montuosa,0,0,0,0,1,0,0
878,Leptogenys_mucronata,0,0,0,0,1,0,0
879,Leptogenys_mutabilis,0,0,1,0,0,0,0
880,Leptogenys_mutabilis_group,0,0,1,0,0,0,0
881,Leptogenys_myops,0,0,1,0,0,0,0
882,Leptogenys_namana,1,0,0,0,0,0,0
883,Leptogenys_namoroka,1,0,0,0,0,0,0
884,Leptogenys_navua,0,1,0,0,0,0,0
885,Leptogenys_nebra,1,0,0,0,0,0,0
886,Leptogenys_neutralis,0,1,0,0,0,0,0
887,Leptogenys_nigricans,0,0,0,0,1,0,0
888,Leptogenys_nitens,0,1,0,0,0,0,0
889,Leptogenys_nuserra,1,0,0,0,0,0,0
890,Leptogenys_oaxaca,0,0,0,0,1,0,0
891,Leptogenys_occidentalis,1,0,0,0,0,0,0
892,Leptogenys_optica,0,1,0,0,0,0,0
893,Leptogenys_orchidioides,0,0,0,0,1,0,0
894,Leptogenys_oresbia,0,1,0,0,0,0,0
895,Leptogenys_oswaldi,1,0,0,0,0,0,0
896,Leptogenys_pangui,0,0,1,0,0,0,0
897,Leptogenys_panops,0,0,0,0,1,0,0
898,Leptogenys_papuana,0,1,0,0,0,0,0
899,Leptogenys_paraensis,0,0,0,0,1,0,0
900,Leptogenys_parvula,0,0,1,0,0,0,0
901,Leptogenys_pavesii,1,0,0,0,0,0,0
902,Leptogenys_pe02,0,0,0,0,1,0,0
903,Leptogenys_pe03,0,0,0,0,1,0,0
904,Leptogenys_peninsularis,0,0,0,1,0,0,0
905,Leptogenys_peninsularis_nr,0,0,0,1,1,0,0
906,Leptogenys_peringueyi,1,0,0,0,0,0,0
907,Leptogenys_peruana,0,0,0,0,1,0,0
908,Leptogenys_peuqueti,0,0,1,0,0,0,0
909,Leptogenys_pg01,0,1,0,0,0,0,0
910,Leptogenys_ph01,0,0,1,0,0,0,0
911,Leptogenys_ph02,0,0,1,0,0,0,0
912,Leptogenys_ph03,0,0,1,0,0,0,0
913,Leptogenys_ph04,0,0,1,0,0,0,0
914,Leptogenys_phylloba,0,0,0,0,1,0,0
915,Leptogenys_pilaka,1,0,0,0,0,0,0
916,Leptogenys_pinna,0,0,0,0,1,0,0
917,Leptogenys_piroskae,1,0,0,0,0,0,0
918,Leptogenys_pittieri,0,0,0,0,1,0,0
919,Leptogenys_podenzanai,0,1,0,0,0,0,0
920,Leptogenys_polaszeki,0,0,0,0,0,0,1
921,Leptogenys_pompiloides,0,0,1,0,0,0,0
922,Leptogenys_princeps,1,0,0,0,0,0,0
923,Leptogenys_processionalis,0,0,1,0,0,0,0
924,Leptogenys_pruinosa,0,0,1,0,0,0,0
925,Leptogenys_pubiceps,0,0,0,0,1,0,0
926,Leptogenys_pucuna,0,0,0,0,1,0,0
927,Leptogenys_punctata,0,1,0,0,0,0,0
928,Leptogenys_punctaticeps,0,0,0,0,1,0,0
929,Leptogenys_punctiventris,0,0,1,0,0,0,0
930,Leptogenys_purpurea,0,1,0,0,0,0,0
931,Leptogenys_pusilla,0,0,0,0,1,0,0
932,Leptogenys_quadrata,0,0,0,0,1,0,0
933,Leptogenys_quiriguana,0,0,0,0,1,0,0
934,Leptogenys_quirozi,0,0,0,0,1,0,0
935,Leptogenys_rabebe,1,0,0,0,0,0,0
936,Leptogenys_rabesoni,1,0,0,0,0,0,0
937,Leptogenys_ralipra,1,0,0,0,0,0,0
938,Leptogenys_rasila,0,0,0,0,1,0,0
939,Leptogenys_ravida,1,0,0,0,0,0,0
940,Leptogenys_reggae,0,0,0,0,1,0,0
941,Leptogenys_regis,1,0,0,0,0,0,0
942,Leptogenys_ridens,1,0,0,0,0,0,0
943,Leptogenys_ritae,0,0,0,0,1,0,0
944,Leptogenys_roberti,0,0,1,0,0,0,0
945,Leptogenys_rouxi,0,1,0,0,0,0,0
946,Leptogenys_rufa,0,0,0,0,1,0,0
947,Leptogenys_rufida,0,0,1,0,0,0,0
948,Leptogenys_rugosopunctata,0,0,1,0,0,0,0
949,Leptogenys_sagaris,0,1,0,0,0,0,0
950,Leptogenys_sahamalaza,1,0,0,0,0,0,0
951,Leptogenys_santacruzi,0,0,0,0,1,0,0
952,Leptogenys_saussurei,1,0,0,0,0,0,0
953,Leptogenys_schwabi,1,0,0,0,0,0,0
954,Leptogenys_serrata,0,0,0,0,1,0,0
955,Leptogenys_sianka,0,0,0,0,1,0,0
956,Leptogenys_sjostedti,0,1,0,0,0,0,0
957,Leptogenys_sjostedti_nr,0,1,0,0,0,0,0
958,Leptogenys_socorda,0,0,0,0,1,0,0
959,Leptogenys_sonora,0,0,0,1,0,0,0
960,Leptogenys_spandax,1,0,0,0,0,0,0
961,Leptogenys_stenocheilos,0,0,1,0,0,0,0
962,Leptogenys_sterops,1,0,0,0,0,0,0
963,Leptogenys_strator,1,0,0,0,0,0,0
964,Leptogenys_strena,0,0,1,0,0,0,0
965,Leptogenys_striatidens,1,0,0,0,0,0,0
966,Leptogenys_stuhlmanni,1,0,0,0,0,0,0
967,Leptogenys_stygia,1,0,0,0,0,0,0
968,Leptogenys_suarensis,1,0,0,0,0,0,0
969,Leptogenys_sulcinoda,1,0,0,0,0,0,0
970,Leptogenys_sunzii,0,0,1,0,0,0,0
971,Leptogenys_tama,0,0,0,0,1,0,0
972,Leptogenys_tatsimo,1,0,0,0,0,0,0
973,Leptogenys_terroni,1,0,0,0,0,0,0
974,Leptogenys_testacea,1,0,0,0,0,0,0
975,Leptogenys_th02,0,0,1,0,0,0,0
976,Leptogenys_th03,0,0,1,0,0,0,0
977,Leptogenys_th04,0,0,1,0,0,0,0
978,Leptogenys_th05,0,0,1,0,0,0,0
979,Leptogenys_th06,0,0,1,0,0,0,0
980,Leptogenys_th07,0,0,1,0,0,0,0
981,Leptogenys_th08,0,0,1,0,0,0,0
982,Leptogenys_th09,0,0,1,0,0,0,0
983,Leptogenys_tiobil,0,0,0,0,1,0,0
984,Leptogenys_titan,1,0,0,0,0,0,0
985,Leptogenys_toeraniva,1,0,0,0,0,0,0
986,Leptogenys_toxeres,0,0,0,0,1,0,0
987,Leptogenys_transitionis,0,0,0,0,0,1,0
988,Leptogenys_tricosa,0,1,0,0,0,0,0
989,Leptogenys_triloba,0,1,0,0,0,0,0
990,Leptogenys_trilobata,1,0,0,0,0,0,0
991,Leptogenys_truncata,0,1,0,0,0,0,0
992,Leptogenys_truncatirostris,1,0,0,0,0,0,0
993,Leptogenys_tsingy,1,0,0,0,0,0,0
994,Leptogenys_turneri,0,1,0,0,0,0,0
995,Leptogenys_ug01,1,0,0,0,0,0,0
996,Leptogenys_ug03,1,0,0,0,0,0,0
997,Leptogenys_ug05,1,0,0,0,0,0,0
998,Leptogenys_ug06,1,0,0,0,0,0,0
999,Leptogenys_unistimulosa,0,0,0,0,1,0,0
1000,Leptogenys_variabilis,1,0,0,0,0,0,0
1001,Leptogenys_varicosa,0,0,1,0,0,0,0
1002,Leptogenys_vatovavy,1,0,0,0,0,0,0
1003,Leptogenys_vindicis,1,0,0,0,0,0,0
1004,Leptogenys_violacea,0,1,0,0,0,0,0
1005,Leptogenys_vitiensis,0,1,0,0,0,0,0
1006,Leptogenys_vitsy,1,0,0,0,0,0,0
1007,Leptogenys_voeltzkowi,1,0,0,0,0,0,0
1008,Leptogenys_vogeli,0,0,0,0,1,0,0
1009,Leptogenys_volcanica,0,0,0,0,1,0,0
1010,Leptogenys_wheeleri,0,0,0,0,1,0,0
1011,Leptogenys_yandii,0,0,0,0,0,1,0
1012,Leptogenys_yerburyi,0,0,1,0,0,0,0
1013,Leptogenys_yerburyi_nr,0,0,1,0,0,0,0
1014,Leptogenys_yocota,0,0,0,0,1,0,0
1015,Leptogenys_zapyxis,1,0,0,0,0,0,0
1016,Leptogenys_zhuangzii,0,0,1,0,0,0,0
1017,Leptogenys_zohy,1,0,0,0,0,0,0
1018,Loboponera_afrc_gh01,1,0,0,0,0,0,0
1019,Loboponera_basalis,1,0,0,0,0,0,0
1020,Loboponera_edentula,1,0,0,0,0,0,0
1021,Loboponera_nasica,1,0,0,0,0,0,0
1022,Loboponera_nobiliae,1,0,0,0,0,0,0
1023,Loboponera_obeliscata,1,0,0,0,0,0,0
1024,Loboponera_politula,1,0,0,0,0,0,0
1025,Loboponera_subatra,1,0,0,0,0,0,0
1026,Loboponera_trica,1,0,0,0,0,0,0
1027,Loboponera_vigilans,1,0,0,0,0,0,0
1028,Mayaponera_arhuaca,0,0,0,0,1,0,0
1029,Mayaponera_becculata,0,0,0,0,1,0,0
1030,Mayaponera_cernua,0,0,0,0,1,0,0
1031,Mayaponera_conicula,0,0,0,0,1,0,0
1032,Mayaponera_constricta,0,0,0,0,1,0,0
1033,Mayaponera_longidentata,0,0,0,0,1,0,0
1034,Mayaponera_pergandei,0,0,0,0,1,0,0
1035,Megaponera_analis,1,0,0,0,0,0,0
1036,Mesoponera_afr02,1,0,0,0,0,0,0
1037,Mesoponera_afr05,1,0,0,0,0,0,0
1038,Mesoponera_afrc_zm02,1,0,0,0,0,0,0
1039,Mesoponera_ambigua,1,0,0,0,0,0,1
1040,Mesoponera_australis,0,1,0,0,0,0,0
1041,Mesoponera_caffraria,1,0,0,0,0,0,0
1042,Mesoponera_elisae,1,0,0,0,0,0,0
1043,Mesoponera_flavopilosa,1,0,0,0,0,0,1
1044,Mesoponera_ingesta,1,0,0,0,0,0,0
1045,Mesoponera_javana,0,0,1,0,0,0,0
1046,Mesoponera_manni,0,1,1,0,0,0,0
1047,Mesoponera_melanaria,0,0,1,0,0,0,0
1048,Mesoponera_mj_sp6,0,1,0,0,0,0,0
1049,Mesoponera_nimba,1,0,0,0,0,0,0
1050,Mesoponera_novemdentata,1,0,0,0,0,0,0
1051,Mesoponera_papuana,0,1,0,0,0,0,0
1052,Mesoponera_papuana_cf,0,0,1,0,0,0,0
1053,Mesoponera_picea,1,0,0,0,0,0,0
1054,Mesoponera_psw_my01,0,0,1,0,0,0,0
1055,Mesoponera_rubra,0,0,1,0,0,0,0
1056,Mesoponera_scolopax,1,0,0,0,0,0,0
1057,Mesoponera_senegalensis,1,0,0,0,0,0,0
1058,Mesoponera_subiridescens,1,0,0,0,0,0,0
1059,Mesoponera_testacea,1,0,0,0,0,0,0
1060,Mesoponera_villiersi,1,0,0,0,0,0,0
1061,Mesoponera_weberi,1,0,0,0,0,0,0
1062,Myopias_amblyops,0,0,1,0,0,0,0
1063,Myopias_bg02,0,1,0,0,0,0,0
1064,Myopias_bidens,0,0,1,0,0,0,0
1065,Myopias_breviloba,0,0,1,0,0,0,0
1066,Myopias_castaneicola,0,1,0,0,0,0,0
1067,Myopias_chapmani,0,1,0,0,0,0,0
1068,Myopias_concava,0,1,0,0,0,0,0
1069,Myopias_concava_nr,0,0,1,0,0,0,0
1070,Myopias_conicara,0,0,1,0,0,1,0
1071,Myopias_crawleyi,0,0,1,0,0,0,0
1072,Myopias_cribriceps,0,1,0,0,0,0,0
1073,Myopias_daia,0,0,1,0,0,0,0
1074,Myopias_darioi,0,0,1,0,0,0,0
1075,Myopias_delta,0,1,0,0,0,0,0
1076,Myopias_densesticta,0,1,0,0,0,0,0
1077,Myopias_emeryi,0,0,1,0,0,0,0
1078,Myopias_etsukoae,0,0,1,0,0,0,0
1079,Myopias_gigas,0,1,0,0,0,0,0
1080,Myopias_hania,0,0,1,0,0,0,0
1081,Myopias_hollandi,0,0,1,0,0,0,0
1082,Myopias_julivora,0,1,0,0,0,0,0
1083,Myopias_kuehni,0,1,0,0,0,0,0
1084,Myopias_latinoda,0,1,0,0,0,0,0
1085,Myopias_levigata,0,1,0,0,0,0,0
1086,Myopias_lobosa,0,0,1,0,0,0,0
1087,Myopias_loriai,0,1,0,0,0,0,0
1088,Myopias_luoba,0,0,0,0,0,1,0
1089,Myopias_maligna,0,1,1,0,0,0,0
1090,Myopias_mandibularis,0,0,1,0,0,0,0
1091,Myopias_mayri,0,0,1,0,0,0,0
1092,Myopias_media,0,1,0,0,0,0,0
1093,Myopias_menba,0,0,0,0,0,1,0
1094,Myopias_minima,0,0,1,0,0,0,0
1095,Myopias_mj_ohu_1,0,1,0,0,0,0,0
1096,Myopias_mj_sp6,0,1,0,0,0,0,0
1097,Myopias_mj_sp9,0,1,0,0,0,0,0
1098,Myopias_mj_utai_1,0,1,0,0,0,0,0
1099,Myopias_modiglianii,0,0,1,0,0,0,0
1100,Myopias_my01,0,0,1,0,0,0,0
1101,Myopias_my05,0,0,1,0,0,0,0
1102,Myopias_my08,0,0,1,0,0,0,0
1103,Myopias_my09,0,0,1,0,0,0,0
1104,Myopias_my11,0,0,1,0,0,0,0
1105,Myopias_nops,0,0,1,0,0,0,0
1106,Myopias_papua,0,1,0,0,0,0,0
1107,Myopias_ph01,0,0,1,0,0,0,0
1108,Myopias_ph02,0,0,1,0,0,0,0
1109,Myopias_philippinensis,0,0,1,0,0,0,0
1110,Myopias_ruthae,0,1,0,0,0,0,0
1111,Myopias_sakaeratensis,0,0,1,0,0,0,0
1112,Myopias_santschii,0,1,0,0,0,0,0
1113,Myopias_shivalikensis,0,0,0,0,0,1,0
1114,Myopias_sonthichaiae,0,0,1,0,0,0,0
1115,Myopias_striaticeps,0,0,1,0,0,0,0
1116,Myopias_suwannaphaki,0,0,1,0,0,0,0
1117,Myopias_tasmaniensis,0,1,0,0,0,0,0
1118,Myopias_tenuis,0,1,0,0,0,0,0
1119,Myopias_trumani,0,1,0,0,0,0,0
1120,Myopias_xiphias,0,1,0,0,0,0,0
1121,Neoponera_aenescens,0,0,0,0,1,0,0
1122,Neoponera_agilis,0,0,0,0,1,0,0
1123,Neoponera_antecurvata,0,0,0,0,1,0,0
1124,Neoponera_apicalis,0,0,0,0,1,0,0
1125,Neoponera_bactronica,0,0,0,0,1,0,0
1126,Neoponera_billemma,0,0,0,0,1,0,0
1127,Neoponera_bra164,0,0,0,0,1,0,0
1128,Neoponera_bra549385,0,0,0,0,1,0,0
1129,Neoponera_bugabensis,0,0,0,0,1,0,0
1130,Neoponera_carbonaria,0,0,0,0,1,0,0
1131,Neoponera_carinulata,0,0,0,0,1,0,0
1132,Neoponera_cavinodis,0,0,0,0,1,0,0
1133,Neoponera_chyzeri,0,0,0,0,1,0,0
1134,Neoponera_commutata,0,0,0,0,1,0,0
1135,Neoponera_concava,0,0,0,0,1,0,0
1136,Neoponera_cooki,0,0,0,0,1,0,0
1137,Neoponera_coveri,0,0,0,0,1,0,0
1138,Neoponera_crenata,0,0,0,0,1,0,0
1139,Neoponera_curvinodis,0,0,0,0,1,0,0
1140,Neoponera_dismarginata,0,0,0,0,1,0,0
1141,Neoponera_donosoi,0,0,0,0,1,0,0
1142,Neoponera_ecu2923,0,0,0,0,1,0,0
1143,Neoponera_ecu33723,0,0,0,0,1,0,0
1144,Neoponera_ecu4862,0,0,0,0,1,0,0
1145,Neoponera_eleonorae,0,0,0,0,1,0,0
1146,Neoponera_emiliae,0,0,0,0,1,0,0
1147,Neoponera_fauveli,0,0,0,0,1,0,0
1148,Neoponera_fiebrigi,0,0,0,0,1,0,0
1149,Neoponera_fisheri,0,0,0,0,1,0,0
1150,Neoponera_foetida,0,0,0,0,1,0,0
1151,Neoponera_fusca,0,0,0,0,1,0,0
1152,Neoponera_globularia,0,0,0,0,1,0,0
1153,Neoponera_goeldii,0,0,0,0,1,0,0
1154,Neoponera_gojira,0,0,0,0,1,0,0
1155,Neoponera_hispida,0,0,0,0,1,0,0
1156,Neoponera_holcotyle,0,0,0,0,1,0,0
1157,Neoponera_insignis,0,0,0,0,1,0,0
1158,Neoponera_inversa,0,0,0,0,1,0,0
1159,Neoponera_jtl021,0,0,0,0,1,0,0
1160,Neoponera_laevigata,0,0,0,0,1,0,0
1161,Neoponera_latinoda,0,0,0,0,1,0,0
1162,Neoponera_lineaticeps,0,0,0,0,1,0,0
1163,Neoponera_luteola,0,0,0,0,1,0,0
1164,Neoponera_magnifica,0,0,0,0,1,0,0
1165,Neoponera_magnifica_1,0,0,0,0,1,0,0
1166,Neoponera_magnifica_2,0,0,0,0,1,0,0
1167,Neoponera_magnifica_4,0,0,0,0,1,0,0
1168,Neoponera_marginata,0,0,0,0,1,0,0
1169,Neoponera_mashpi,0,0,0,0,1,0,0
1170,Neoponera_metanotalis,0,0,0,0,1,0,0
1171,Neoponera_metanotalis_2,0,0,0,0,1,0,0
1172,Neoponera_moesta,0,0,0,0,1,0,0
1173,Neoponera_oberthueri,0,0,0,0,1,0,0
1174,Neoponera_obscuricornis,0,0,0,0,1,0,0
1175,Neoponera_recava,0,0,0,0,1,0,0
1176,Neoponera_rostrata,0,0,0,0,1,0,0
1177,Neoponera_rugosula,0,0,0,0,1,0,0
1178,Neoponera_schoedli,0,0,0,0,1,0,0
1179,Neoponera_schultzi,0,0,0,0,1,0,0
1180,Neoponera_solisi,0,0,0,0,1,0,0
1181,Neoponera_striatinodis,0,0,0,0,1,0,0
1182,Neoponera_theresiae,0,0,0,0,1,0,0
1183,Neoponera_unidentata,0,0,0,0,1,0,0
1184,Neoponera_venusta,0,0,0,0,1,0,0
1185,Neoponera_verenae,0,0,0,0,1,0,0
1186,Neoponera_villosa,0,0,0,1,1,0,0
1187,Neoponera_villosa_cf2,0,0,0,0,1,0,0
1188,Neoponera_zuparkoi,0,0,0,0,1,0,0
1189,NewGenus_bucki_EX2455_DZUP549431,0,0,0,0,1,0,0
1190,Odontomachus_aciculatus,0,1,0,0,0,0,0
1191,Odontomachus_affinis,0,0,0,0,1,0,0
1192,Odontomachus_alius,0,0,1,0,0,0,0
1193,Odontomachus_allolabis,0,0,0,0,1,0,0
1194,Odontomachus_angulatus,0,1,0,0,0,0,0
1195,Odontomachus_animosus,0,1,0,0,0,0,0
1196,Odontomachus_assiniensis,1,0,0,0,0,0,0
1197,Odontomachus_banksi,0,0,1,0,0,0,0
1198,Odontomachus_bauri,0,0,0,0,1,0,0
1199,Odontomachus_biolleyi,0,0,0,0,1,0,0
1200,Odontomachus_biumbonatus,0,0,0,0,1,0,0
1201,Odontomachus_bradleyi,0,0,0,0,1,0,0
1202,Odontomachus_brunneus,0,0,0,1,1,0,0
1203,Odontomachus_brunneus_nr,0,0,0,0,1,0,0
1204,Odontomachus_caelatus,0,0,0,0,1,0,0
1205,Odontomachus_cephalotes,0,1,1,0,0,0,0
1206,Odontomachus_chelifer,0,0,0,0,1,0,0
1207,Odontomachus_circulus,0,0,1,0,0,1,0
1208,Odontomachus_clarus,0,0,0,1,1,0,0
1209,Odontomachus_coquereli,1,0,0,0,0,0,0
1210,Odontomachus_cornutus,0,0,0,0,1,0,0
1211,Odontomachus_davidsoni,0,0,0,0,1,0,0
1212,Odontomachus_desertorum,0,0,0,1,0,0,0
1213,Odontomachus_erythrocephalus,0,0,0,0,1,0,0
1214,Odontomachus_ferminae,0,0,1,0,0,0,0
1215,Odontomachus_floresensis,0,1,0,0,0,0,0
1216,Odontomachus_fulgidus,0,0,1,0,0,0,0
1217,Odontomachus_granatus,0,0,1,0,0,0,0
1218,Odontomachus_haematodus,0,0,0,0,1,0,0
1219,Odontomachus_hastatus,0,0,0,0,1,0,0
1220,Odontomachus_imperator,0,1,1,0,0,0,0
1221,Odontomachus_infandus,0,0,1,0,0,0,0
1222,Odontomachus_insularis,0,0,0,0,1,0,0
1223,Odontomachus_kuroiwae,0,0,1,0,0,1,0
1224,Odontomachus_laticeps,0,0,0,1,1,0,0
1225,Odontomachus_latidens,0,0,1,0,0,0,0
1226,Odontomachus_latissimus,0,1,0,0,0,0,0
1227,Odontomachus_linearis,0,0,1,0,0,0,0
1228,Odontomachus_litoralis,0,0,1,0,0,0,0
1229,Odontomachus_malignus,0,1,1,0,0,0,0
1230,Odontomachus_mayi,0,0,0,0,1,0,0
1231,Odontomachus_meinerti,0,0,0,0,1,0,0
1232,Odontomachus_minangkabau,0,0,1,0,0,0,0
1233,Odontomachus_montanus,0,1,1,0,0,0,0
1234,Odontomachus_monticola,0,0,1,0,0,1,0
1235,Odontomachus_mormo,0,0,0,0,1,0,0
1236,Odontomachus_nigriceps,0,1,0,0,0,0,0
1237,Odontomachus_opaciventris,0,0,0,0,1,0,0
1238,Odontomachus_opaculus,0,1,0,0,0,0,0
1239,Odontomachus_opaculus_b,0,1,0,0,0,0,0
1240,Odontomachus_panamensis,0,0,0,0,1,0,0
1241,Odontomachus_papuanus,0,1,0,0,0,0,0
1242,Odontomachus_pararixosus,0,0,1,0,0,0,0
1243,Odontomachus_ph02,0,0,1,0,0,0,0
1244,Odontomachus_philippinus,0,0,1,0,0,0,0
1245,Odontomachus_procerus,0,0,1,0,0,0,0
1246,Odontomachus_relictus,0,0,0,1,0,0,0
1247,Odontomachus_rixosus,0,1,1,0,0,0,0
1248,Odontomachus_ruficeps,0,1,0,0,0,0,0
1249,Odontomachus_rufithorax,0,1,0,0,0,0,0
1250,Odontomachus_ruginodis,0,0,0,0,1,0,0
1251,Odontomachus_saevissimus,0,1,0,0,0,0,0
1252,Odontomachus_scalptus,0,0,0,0,1,0,0
1253,Odontomachus_schoedli,0,0,1,0,0,0,0
1254,Odontomachus_scifictus,0,0,1,0,0,0,0
1255,Odontomachus_silvestrii,0,0,1,0,0,0,0
1256,Odontomachus_simillimus,0,1,1,0,0,0,0
1257,Odontomachus_spissus,0,0,0,0,1,0,0
1258,Odontomachus_sumbensis,0,1,0,0,0,0,0
1259,Odontomachus_tensus,0,0,1,0,0,0,0
1260,Odontomachus_testaceus,0,1,0,0,0,0,0
1261,Odontomachus_troglodytes,1,0,0,0,0,0,0
1262,Odontomachus_turneri,0,1,0,0,0,0,0
1263,Odontomachus_tyrannicus,0,1,0,0,0,0,0
1264,Odontomachus_xizangensis,0,0,1,0,0,1,0
1265,Odontomachus_yucatecus,0,0,0,0,1,0,0
1266,Odontoponera_denticulata,0,1,1,0,0,1,0
1267,Odontoponera_transversa,0,1,1,0,0,0,0
1268,Ophthalmopone_berthoudi,1,0,0,0,0,0,0
1269,Ophthalmopone_depilis,1,0,0,0,0,0,0
1270,Ophthalmopone_hottentota,1,0,0,0,0,0,0
1271,Ophthalmopone_ilgii,1,0,0,0,0,0,0
1272,Ophthalmopone_mocquerysi,1,0,0,0,0,0,0
1273,Pachycondyla_constricticeps,0,0,0,0,1,0,0
1274,Pachycondyla_crassinoda,0,0,0,0,1,0,0
1275,Pachycondyla_fuscoatra,0,0,0,0,1,0,0
1276,Pachycondyla_harpax,0,0,0,1,1,0,0
1277,Pachycondyla_impressa,0,0,0,0,1,0,0
1278,Pachycondyla_inca,0,0,0,0,1,0,0
1279,Pachycondyla_jonesii,1,0,0,0,0,0,0
1280,Pachycondyla_lattkei,0,0,0,0,1,0,0
1281,Pachycondyla_lenis,0,0,0,0,1,0,0
1282,Pachycondyla_lenkoi,0,0,0,0,1,0,0
1283,Pachycondyla_procidua,0,0,0,0,1,0,0
1284,Pachycondyla_purpurascens,0,0,0,0,1,0,0
1285,Pachycondyla_solitaria,0,1,0,0,0,0,0
1286,Pachycondyla_striata,0,0,0,0,1,0,0
1287,Pachycondyla_unicolor,0,0,1,0,0,0,0
1288,Pachycondyla_vidua,0,0,1,0,0,0,0
1289,Pachycondyla_vieirai,0,0,0,0,1,0,0
1290,Paltothyreus_tarsatus,1,0,0,0,0,0,0
1291,Parvaponera_afr01,1,0,0,0,0,0,0
1292,Parvaponera_cavimaculata,0,0,1,0,0,0,0
1293,Parvaponera_darwinii,0,1,1,0,0,0,0
1294,Parvaponera_myropola,0,0,1,0,0,0,0
1295,Parvaponera_sheldoni,0,1,0,0,0,0,0
1296,Parvaponera_suspecta,1,0,0,0,0,0,0
1297,Parvaponera_ug01,1,0,0,0,0,0,0
1298,Phrynoponera_bequaerti,1,0,0,0,0,0,0
1299,Phrynoponera_gabonensis,1,0,0,0,0,0,0
1300,Phrynoponera_pulchella,1,0,0,0,0,0,0
1301,Phrynoponera_sveni,1,0,0,0,0,0,0
1302,Phrynoponera_transversa,1,0,0,0,0,0,0
1303,Platythyrea_afrc_tz01,1,0,0,0,0,0,0
1304,Platythyrea_afrc_za01,1,0,0,0,0,0,0
1305,Platythyrea_angusta,0,0,0,0,1,0,0
1306,Platythyrea_arnoldi,1,0,0,0,0,0,0
1307,Platythyrea_arthuri,1,0,0,0,0,0,0
1308,Platythyrea_bicuspis,1,0,0,0,0,0,0
1309,Platythyrea_bidentata,0,1,1,0,0,0,0
1310,Platythyrea_brunnipes,0,1,0,0,0,0,0
1311,Platythyrea_clypeata,0,0,1,0,0,0,0
1312,Platythyrea_conradti,1,0,0,0,0,0,0
1313,Platythyrea_cooperi,1,0,0,0,0,0,0
1314,Platythyrea_cribrinodis,1,0,0,0,0,0,0
1315,Platythyrea_crucheti,1,0,0,0,0,0,0
1316,Platythyrea_dentinodis,0,1,0,0,0,0,0
1317,Platythyrea_exigua,0,0,0,0,1,0,0
1318,Platythyrea_frontalis,1,0,0,0,0,0,0
1319,Platythyrea_gracillima,1,0,0,0,0,0,0
1320,Platythyrea_homasawini,0,0,1,0,0,0,0
1321,Platythyrea_inermis,0,0,1,0,0,0,0
1322,Platythyrea_janyai,0,0,1,0,0,0,0
1323,Platythyrea_lamellosa,1,0,0,0,0,0,0
1324,Platythyrea_lenca,0,0,0,0,1,0,0
1325,Platythyrea_matopoensis,1,0,0,0,0,0,0
1326,Platythyrea_mg01,1,0,0,0,0,0,0
1327,Platythyrea_mg04,1,0,0,0,0,0,0
1328,Platythyrea_micans,0,1,0,0,0,0,0
1329,Platythyrea_mocquerysi,1,0,0,0,0,0,0
1330,Platythyrea_modesta,1,0,0,0,0,0,1
1331,Platythyrea_nicobarensis,0,0,1,0,0,0,0
1332,Platythyrea_occidentalis,1,0,0,0,0,0,0
1333,Platythyrea_parallela,0,1,1,0,0,1,0
1334,Platythyrea_pilosula,0,0,0,0,1,0,0
1335,Platythyrea_prizo,0,0,0,0,1,0,0
1336,Platythyrea_punctata,0,0,0,1,1,0,0
1337,Platythyrea_quadridenta,0,1,1,0,0,0,0
1338,Platythyrea_sagei,0,0,1,0,0,0,0
1339,Platythyrea_schultzei,1,0,0,0,0,0,0
1340,Platythyrea_sinuata,0,0,0,0,1,0,0
1341,Platythyrea_strenua,0,0,0,0,1,0,0
1342,Platythyrea_tenuis,1,0,0,0,0,0,0
1343,Platythyrea_tricuspidata,0,0,1,0,0,0,0
1344,Platythyrea_turneri,0,1,0,0,0,0,0
1345,Platythyrea_viehmeyeri,1,0,0,0,0,0,0
1346,Platythyrea_zodion,0,0,0,0,1,0,0
1347,Plectroctena_anops,1,0,0,0,0,0,0
1348,Plectroctena_cristata,1,0,0,0,0,0,0
1349,Plectroctena_cryptica,1,0,0,0,0,0,0
1350,Plectroctena_dentata,1,0,0,0,0,0,0
1351,Plectroctena_gestroi,1,0,0,0,0,0,0
1352,Plectroctena_hastifera,1,0,0,0,0,0,0
1353,Plectroctena_laevior,1,0,0,0,0,0,0
1354,Plectroctena_latinodis,1,0,0,0,0,0,0
1355,Plectroctena_lygaria,1,0,0,0,0,0,0
1356,Plectroctena_macgeei,1,0,0,0,0,0,0
1357,Plectroctena_mandibularis,1,0,0,0,0,0,0
1358,Plectroctena_minor,1,0,0,0,0,0,0
1359,Plectroctena_strigosa,1,0,0,0,0,0,0
1360,Plectroctena_subterranea,1,0,0,0,0,0,0
1361,Plectroctena_thaui,1,0,0,0,0,0,0
1362,Plectroctena_ugandensis,1,0,0,0,0,0,0
1363,Ponera_adumbrans,1,0,0,0,0,0,0
1364,Ponera_alisana,0,0,1,0,0,1,0
1365,Ponera_alpha,0,1,0,0,0,0,0
1366,Ponera_augusta,0,1,0,0,0,0,0
1367,Ponera_baka,0,0,1,0,0,1,0
1368,Ponera_bawana,0,0,1,0,0,0,0
1369,Ponera_bishamon,0,0,1,0,0,1,0
1370,Ponera_borneensis,0,0,1,0,0,0,0
1371,Ponera_chapmani,0,1,1,0,0,0,0
1372,Ponera_chiponensis,0,0,1,0,0,0,0
1373,Ponera_clavicornis,0,1,0,0,0,0,0
1374,Ponera_coarctata,0,0,0,0,0,1,1
1375,Ponera_colaensis,0,1,0,0,0,0,0
1376,Ponera_diodonta,0,0,1,0,0,1,0
1377,Ponera_elegantula,0,1,0,0,0,0,0
1378,Ponera_exotica,0,0,0,1,1,0,0
1379,Ponera_guangxiensis,0,0,1,0,0,0,0
1380,Ponera_hubeiensis,0,0,1,0,0,0,0
1381,Ponera_incerta,0,1,1,0,0,0,0
1382,Ponera_indica,0,0,1,0,0,1,0
1383,Ponera_japonica,0,0,1,0,0,1,0
1384,Ponera_jtl001,0,0,0,0,1,0,0
1385,Ponera_kohmoku,0,0,1,0,0,1,0
1386,Ponera_leae,0,1,0,0,0,0,0
1387,Ponera_loi,0,1,0,0,0,0,0
1388,Ponera_longlina,0,0,1,0,0,1,0
1389,Ponera_manni,0,1,0,0,0,0,0
1390,Ponera_menglana,0,0,1,0,0,1,0
1391,Ponera_mm01,0,0,1,0,0,0,0
1392,Ponera_nangongshana,0,0,1,0,0,0,0
1393,Ponera_oreas,0,0,1,0,0,0,0
1394,Ponera_paedericera,0,0,1,0,0,0,0
1395,Ponera_pennsylvanica,0,0,0,1,0,0,0
1396,Ponera_pentodontos,0,0,1,0,0,1,0
1397,Ponera_petila,0,1,0,0,0,0,0
1398,Ponera_ph01,0,0,1,0,0,0,0
1399,Ponera_ph02,0,0,1,0,0,0,0
1400,Ponera_ph03,0,0,1,0,0,0,0
1401,Ponera_pianmana,0,0,1,0,0,1,0
1402,Ponera_psw_my01,0,0,1,0,0,0,0
1403,Ponera_psw_my02,0,0,1,0,0,0,0
1404,Ponera_rishen,0,0,1,0,0,0,0
1405,Ponera_scabra,0,0,1,0,0,1,0
1406,Ponera_selenophora,0,1,1,0,0,0,0
1407,Ponera_shennong,0,0,1,0,0,0,0
1408,Ponera_sikkimensis,0,0,1,0,0,0,0
1409,Ponera_sinensis,0,0,1,0,0,0,0
1410,Ponera_swezeyi,0,1,0,0,0,0,0
1411,Ponera_swezeyi_cf,0,0,1,0,0,0,0
1412,Ponera_syscena,0,1,0,0,0,0,0
1413,Ponera_sysphinctoides,0,0,0,0,0,0,1
1414,Ponera_szaboi,0,1,0,0,0,0,0
1415,Ponera_szentivanyi,0,1,0,0,0,0,0
1416,Ponera_taipingensis,0,0,1,0,0,0,0
1417,Ponera_taiyangshen,0,0,1,0,0,0,0
1418,Ponera_takaminei,0,0,1,0,0,0,0
1419,Ponera_tamon,0,0,1,0,0,0,0
1420,Ponera_taylori,0,0,1,0,0,1,0
1421,Ponera_tenuis,0,1,0,0,0,0,0
1422,Ponera_terayamai,0,0,1,0,0,0,0
1423,Ponera_testacea,0,0,0,0,0,0,1
1424,Ponera_tudigong,0,0,1,0,0,0,0
1425,Ponera_woodwardi,0,1,0,0,0,0,0
1426,Ponera_wui,0,0,1,0,0,0,0
1427,Ponera_xantha,0,0,1,0,0,0,0
1428,Ponera_xenagos,0,1,0,0,0,0,0
1429,Ponera_yuhuang,0,0,1,0,0,0,0
1430,Promyopias_silvestrii,1,0,0,0,0,0,0
1431,Psalidomyrmex_feae,1,0,0,0,0,0,0
1432,Psalidomyrmex_foveolatus,1,0,0,0,0,0,0
1433,Psalidomyrmex_procerus,1,0,0,0,0,0,0
1434,Psalidomyrmex_reichenspergeri,1,0,0,0,0,0,0
1435,Psalidomyrmex_sallyae,1,0,0,0,0,0,0
1436,Psalidomyrmex_wheeleri,1,0,0,0,0,0,0
1437,Pseudoneoponera_au08,0,1,0,0,0,0,0
1438,Pseudoneoponera_au_a,0,1,0,0,0,0,0
1439,Pseudoneoponera_barbata,0,1,0,0,0,0,0
1440,Pseudoneoponera_bispinosa,0,0,1,0,0,0,0
1441,Pseudoneoponera_denticulata,0,1,0,0,0,0,0
1442,Pseudoneoponera_dubitata,0,1,0,0,0,0,0
1443,Pseudoneoponera_excavata,0,1,0,0,0,0,0
1444,Pseudoneoponera_havilandi,0,0,1,0,0,0,0
1445,Pseudoneoponera_incisa,0,1,0,0,0,0,0
1446,Pseudoneoponera_insularis,0,0,1,0,0,0,0
1447,Pseudoneoponera_mayri,0,1,0,0,0,0,0
1448,Pseudoneoponera_my01,0,0,1,0,0,0,0
1449,Pseudoneoponera_my02,0,0,1,0,0,0,0
1450,Pseudoneoponera_obesa,0,1,0,0,0,0,0
1451,Pseudoneoponera_oculata,0,1,0,0,0,0,0
1452,Pseudoneoponera_piliventris,0,1,0,0,0,0,0
1453,Pseudoneoponera_porcata,0,1,0,0,0,0,0
1454,Pseudoneoponera_regularis,0,1,0,0,0,0,0
1455,Pseudoneoponera_rufipes,0,0,1,0,0,1,0
1456,Pseudoneoponera_sandakana,0,0,1,0,0,0,0
1457,Pseudoneoponera_sublaevis,0,1,0,0,0,0,0
1458,Pseudoneoponera_tridentata,0,0,1,0,0,0,0
1459,Pseudoneoponera_verecundae,0,1,0,0,0,0,0
1460,Pseudoponera_cognata,0,0,0,0,1,0,0
1461,Pseudoponera_gilberti,0,0,0,0,1,0,0
1462,Pseudoponera_gilloglyi,0,0,0,0,1,0,0
1463,Pseudoponera_pachynoda,0,1,0,0,0,0,0
1464,Pseudoponera_stigma,0,0,0,1,1,0,0
1465,Pseudoponera_succedanea,0,0,0,0,1,0,0
1466,Rasopone_breviscapa,0,0,0,0,1,0,0
1467,Rasopone_costaricensis,0,0,0,0,1,0,0
1468,Rasopone_cryptergates,0,0,0,0,1,0,0
1469,Rasopone_cubitalis,0,0,0,0,1,0,0
1470,Rasopone_ferruginea,0,0,0,1,1,0,0
1471,Rasopone_guatemalensis,0,0,0,0,1,0,0
1472,Rasopone_jtl027,0,0,0,0,1,0,0
1473,Rasopone_jtl029,0,0,0,0,1,0,0
1474,Rasopone_jtl030,0,0,0,0,1,0,0
1475,Rasopone_jtl034,0,0,0,0,1,0,0
1476,Rasopone_jtl035,0,0,0,0,1,0,0
1477,Rasopone_jtl047,0,0,0,0,1,0,0
1478,Rasopone_jtl049,0,0,0,0,1,0,0
1479,Rasopone_lunaris,0,0,0,0,1,0,0
1480,Rasopone_mesoamericana,0,0,0,0,1,0,0
1481,Rasopone_minuta,0,0,0,0,1,0,0
1482,Rasopone_pa01,0,0,0,0,1,0,0
1483,Rasopone_panamensis,0,0,0,0,1,0,0
1484,Rasopone_pluviselva,0,0,0,0,1,0,0
1485,Rasopone_politognatha,0,0,0,0,1,0,0
1486,Rasopone_rupinicola,0,0,0,0,1,0,0
1487,Rasopone_subcubitalis,0,0,0,0,1,0,0
1488,Rasopone_titanis,0,0,0,0,1,0,0
1489,Simopelta_andersoni,0,0,0,0,1,0,0
1490,Simopelta_anomma,0,0,0,0,1,0,0
1491,Simopelta_bicolor,0,0,0,0,1,0,0
1492,Simopelta_breviscapa,0,0,0,0,1,0,0
1493,Simopelta_curvata,0,0,0,0,1,0,0
1494,Simopelta_fernandezi,0,0,0,0,1,0,0
1495,Simopelta_jeckylli,0,0,0,0,1,0,0
1496,Simopelta_jtl003,0,0,0,0,1,0,0
1497,Simopelta_jtl004,0,0,0,0,1,0,0
1498,Simopelta_jtl005,0,0,0,0,1,0,0
1499,Simopelta_laevigata,0,0,0,0,1,0,0
1500,Simopelta_laticeps,0,0,0,0,1,0,0
1501,Simopelta_longinoda,0,0,0,0,1,0,0
1502,Simopelta_longirostris,0,0,0,0,1,0,0
1503,Simopelta_manni,0,0,0,0,1,0,0
1504,Simopelta_mayri,0,0,0,0,1,0,0
1505,Simopelta_minima,0,0,0,0,1,0,0
1506,Simopelta_oculata,0,0,0,0,1,0,0
1507,Simopelta_paeminosa,0,0,0,0,1,0,0
1508,Simopelta_pentadentata,0,0,0,0,1,0,0
1509,Simopelta_pergandei,0,0,0,0,1,0,0
1510,Simopelta_pergandei_cf,0,0,0,0,1,0,0
1511,Simopelta_quadridentata,0,0,0,0,1,0,0
1512,Simopelta_transversa,0,0,0,0,1,0,0
1513,Simopelta_vieirai,0,0,0,0,1,0,0
1514,Simopelta_williamsi,0,0,0,0,1,0,0
1515,Streblognathus_aethiopicus,1,0,0,0,0,0,0
1516,Streblognathus_peetersi,1,0,0,0,0,0,0
1517,Thaumatomyrmex_atrox,0,0,0,0,1,0,0
1518,Thaumatomyrmex_bariay,0,0,0,0,1,0,0
1519,Thaumatomyrmex_br02,0,0,0,0,1,0,0
1520,Thaumatomyrmex_cochlearis,0,0,0,0,1,0,0
1521,Thaumatomyrmex_contumax,0,0,0,0,1,0,0
1522,Thaumatomyrmex_ferox,0,0,0,0,1,0,0
1523,Thaumatomyrmex_fraxini,0,0,0,0,1,0,0
1524,Thaumatomyrmex_mandibularis,0,0,0,0,1,0,0
1525,Thaumatomyrmex_manni,0,0,0,0,1,0,0
1526,Thaumatomyrmex_mutilatus,0,0,0,0,1,0,0
1527,Thaumatomyrmex_nageli,0,0,0,0,1,0,0
1528,Thaumatomyrmex_paludis,0,0,0,0,1,0,0
1529,Thaumatomyrmex_soesilae,0,0,0,0,1,0,0
1530,Thaumatomyrmex_zeteki,0,0,0,0,1,0,0
1531,Wadeura_guianensis,0,0,0,0,1,0,0
1532,Wadeura_holmgreni,0,0,0,0,1,0,0
1533,Wadeura_holmgrenita,0,0,0,0,1,0,0
1534,Wadeura_pauli,0,0,0,0,1,0,0
